ID	Anno	Settore	Codice	PuntoV	AliqIva	Imponibile	Iva
2	2025	10	1	0	22	5327.27	1172
3	2025	10	2	0	22	181.9	40.02
4	2025	10	3	0	22	218.3	48.03
5	2025	10	42	0	22	64.3	14.15
6	2025	10	43	0	22	176.3	38.79
7	2025	10	44	0	5	12	0.6
7	2025	10	44	0	22	271.83	59.8
8	2025	10	45	0	22	196.3	43.19
9	2025	10	46	0	22	97.9	21.54
10	2025	10	47	0	22	114.1	25.1
11	2025	10	48	0	22	49.3	10.85
12	2025	10	11	0	22	288.43	63.45
13	2025	10	12	0	22	147.31	32.41
14	2025	10	13	0	22	52.54	11.56
15	2025	10	14	0	10	95	9.5
15	2025	10	14	0	22	5	1.1
16	2025	10	15	0	10	200	20
16	2025	10	15	0	22	5	1.1
17	2025	10	16	0	10	21	2.1
18	2025	10	17	0	10	121	12.1
18	2025	10	17	0	22	5	1.1
19	2025	10	18	0	10	139.5	13.95
20	2025	10	19	0	22	333.52	73.37
21	2025	10	20	0	22	127.81	28.12
22	2025	10	21	0	4	4.47	0.18
0	2025	1	1	0	22	82.5	18.15
0	2025	1	1	0	22	314.875	69.2725
0	2025	30	1	0	10	33	3.3
0	2025	30	1	0	22	314.875	69.2725
0	2025	30	2	0	22	990	217.8
23	2025	10	22	0	22	3.48	0.77
23	2025	10	22	0	4	11.54	0.46
24	2025	10	23	0	4	3.85	0.15
25	2025	10	24	0	22	31.8	7
25	2025	10	24	0	4	3.85	0.15
26	2025	10	25	0	22	6.8	1.5
27	2025	10	26	0	4	4.04	0.16
28	2025	10	27	0	22	27.16	5.97
29	2025	10	28	0	22	16.03	3.53
30	2025	10	29	0	22	10.2	2.25
31	2025	10	30	0	22	0.16	0.04
31	2025	10	30	0	10	16.91	1.69
31	2025	10	30	0	4	24.04	0.96
32	2025	10	49	0	22	114.76	25.25
33	2025	10	50	0	22	400	88
34	2025	10	51	0	10	74	7.4
34	2025	10	51	0	22	5	1.1
35	2025	10	52	0	22	1624.21	357.33
43	2025	10	53	0	22	16750	3685
36	2025	10	35	0	22	20	4.4
44	2025	10	54	0	4	324	12.96
44	2025	10	54	0	22	1.3	0.29
37	2025	10	36	0	10	77.18	7.72
38	2025	10	37	0	10	74.81	7.48
39	2025	10	38	0	10	151.12	15.11
40	2025	10	39	0	10	36.54	3.65
41	2025	10	40	0	10	237.57	23.76
42	2025	10	41	0	4	47.6	1.9
42	2025	10	41	0	10	61.38	6.14
45	2025	10	55	0	4	216	8.64
45	2025	10	55	0	22	1.3	0.29
46	2025	10	56	0	4	81	3.24
46	2025	10	56	0	22	1.3	0.29
47	2025	10	57	0	4	270	10.8
47	2025	10	57	0	22	1.3	0.29
48	2025	10	58	0	10	26.9	2.69
49	2025	10	59	0	10	10.95	1.1
50	2025	10	60	0	10	86.99	8.7
51	2025	10	61	0	4	119.9	4.8
51	2025	10	61	0	10	48	4.8
51	2025	10	61	0	22	17.99	3.96
52	2025	10	62	0	4	112.2	4.49
52	2025	10	62	0	10	83.13	8.31
52	2025	10	62	0	22	4.95	1.09
53	2025	10	63	0	4	46.2	1.85
53	2025	10	63	0	10	123.96	12.4
54	2025	10	64	0	10	35.88	3.59
54	2025	10	64	0	22	10.55	2.32
55	2025	10	65	0	10	27.4	2.74
56	2025	10	66	0	10	41.2	4.12
57	2025	10	67	0	10	30.49	3.05
57	2025	10	67	0	22	83.7	18.41
58	2025	10	68	0	10	64.86	6.49
59	2025	10	69	0	4	47.6	1.9
59	2025	10	69	0	10	29.29	2.93
59	2025	10	69	0	22	13.2	2.9
60	2025	10	70	0	4	46.8	1.87
60	2025	10	70	0	10	112.44	11.24
61	2025	10	71	0	4	64.25	2.57
61	2025	10	71	0	10	70.39	7.04
61	2025	10	71	0	22	4.95	1.09
62	2025	10	72	0	4	23.8	0.95
62	2025	10	72	0	10	38.5	3.85
63	2025	10	73	0	10	13.45	1.35
64	2025	10	74	0	10	23.04	2.3
65	2025	10	75	0	4	23.8	0.95
65	2025	10	75	0	10	40.53	4.05
65	2025	10	75	0	22	13.2	2.9
66	2025	10	76	0	4	46.8	1.87
66	2025	10	76	0	10	34.56	3.46
67	2025	10	77	0	4	64.25	2.57
67	2025	10	77	0	10	72.57	7.26
68	2025	10	78	0	10	89.4	8.94
69	2025	10	79	0	10	29.84	2.98
70	2025	10	80	0	4	23.8	0.95
70	2025	10	80	0	10	19.5	1.95
71	2025	10	81	0	4	23.8	0.95
71	2025	10	81	0	10	13.72	1.37
72	2025	10	82	0	10	30.3	3.03
73	2025	10	83	0	4	89.15	3.57
73	2025	10	83	0	10	72.57	7.26
73	2025	10	83	0	22	4.9	1.08
74	2025	10	84	0	4	37.44	1.5
74	2025	10	84	0	10	130.72	13.07
75	2025	10	85	0	10	48.19	4.82
76	2025	10	86	0	10	34.56	3.46
302	2025	10	87	0	10	93.91	9.39
303	2025	10	88	0	4	23.8	0.95
303	2025	10	88	0	10	19.5	1.95
303	2025	10	88	0	22	13.2	2.9
304	2025	10	89	0	10	13.45	1.35
305	2025	10	90	0	22	34.5	7.59
0	2025	20	90	1	22	716.4754	157.6246
0	2025	20	90	1	0	321.8	0
0	2025	20	90	2	22	404.2623	88.93771
0	2025	20	91	1	22	539.918	118.782
0	2025	20	91	1	0	210.8	0
0	2025	20	91	2	22	324.6721	71.42788
0	2025	20	92	1	22	791.2213	174.0687
0	2025	20	92	1	0	237.91	0
0	2025	20	92	2	22	335.4508	73.79919
0	2025	20	93	1	22	958.8524	210.9476
0	2025	20	93	1	0	193.8	0
0	2025	20	93	2	22	372.8688	82.03116
0	2025	20	94	1	22	1855.647	408.2425
0	2025	20	94	1	0	311.41	0
0	2025	20	94	2	22	543.4426	119.5574
0	2025	20	95	1	22	1137.541	250.259
0	2025	20	95	1	0	511.7	0
0	2025	20	95	2	22	856.8033	188.4967
0	2025	20	96	1	22	679.0983	149.4017
0	2025	20	96	1	0	335.4	0
0	2025	20	96	2	22	374.918	82.48198
0	2025	20	97	1	22	661.5574	145.5426
0	2025	20	97	1	0	267.2	0
0	2025	20	97	2	22	454.2623	99.93771
0	2025	20	98	1	22	1023.582	225.188
0	2025	20	98	1	0	185.33	0
0	2025	20	98	2	22	357.2951	78.60493
0	2025	20	99	1	22	869.918	191.382
0	2025	20	99	1	0	172.7	0
0	2025	20	99	2	22	325.1639	71.53607
0	2025	20	100	1	22	933.795	205.4349
0	2025	20	100	1	0	264.62	0
0	2025	20	100	2	22	469.0984	103.2017
0	2025	20	101	1	22	2157.541	474.6591
0	2025	20	101	1	0	453.2	0
0	2025	20	101	2	22	570.3279	125.4721
0	2025	20	102	1	22	1013.984	223.0764
0	2025	20	102	1	0	216.24	0
0	2025	20	102	2	22	611.2295	134.4705
0	2025	20	103	1	22	554.459	121.981
0	2025	20	103	1	0	308.46	0
0	2025	20	103	2	22	323.1147	71.08525
0	2025	20	104	1	22	856.4098	188.4102
0	2025	20	104	1	0	206.98	0
0	2025	20	104	2	22	383.8524	84.44755
0	2025	20	105	1	22	823.6885	181.2115
0	2025	20	105	1	0	446.7	0
0	2025	20	105	2	22	339.1803	74.61968
0	2025	20	105	2	0	6.65	0
0	2025	20	106	1	22	905.9836	199.3164
0	2025	20	106	1	0	365.3	0
0	2025	20	106	2	22	547.8688	120.5312
0	2025	20	107	1	22	1410.721	310.3587
0	2025	20	107	1	0	184.8	0
0	2025	20	107	2	22	515.9836	113.5164
0	2025	20	108	1	22	1795.803	395.0768
0	2025	20	108	1	0	460.5	0
0	2025	20	108	2	22	502.459	110.541
0	2025	20	109	1	22	1431.967	315.0328
0	2025	20	109	1	0	265.3	0
0	2025	20	109	2	22	473.5246	104.1754
0	2025	20	110	1	22	1050.828	231.1822
0	2025	20	110	1	0	327.49	0
0	2025	20	110	2	22	473.9344	104.2656
0	2025	20	111	1	22	665.3279	146.3721
0	2025	20	111	1	0	501.7	0
0	2025	20	111	2	22	540.9836	119.0164
0	2025	20	112	1	22	1108.607	243.8935
0	2025	20	112	1	0	291.8	0
0	2025	20	112	2	22	494.5082	108.7918
0	2025	20	113	1	22	1436.951	316.1292
0	2025	20	113	1	0	660.62	0
0	2025	20	113	2	22	835.3278	183.7722
0	2025	20	114	1	22	1960.877	431.393
0	2025	20	114	1	0	37.63	0
0	2025	20	114	2	22	760.9836	167.4164
0	2025	20	114	2	0	27	0
0	2025	20	115	1	22	1554.918	342.082
0	2025	20	115	1	0	409.2	0
0	2025	20	115	2	22	722.2131	158.8869
0	2025	20	116	1	22	603.1967	132.7033
0	2025	20	116	1	0	169	0
0	2025	20	116	2	22	331.8852	73.01476
0	2025	20	117	1	22	746.5574	164.2426
0	2025	20	117	1	0	164.2	0
0	2025	20	117	2	22	381.6393	83.96066
0	2025	20	118	1	22	755.7377	166.2623
0	2025	20	118	1	0	268.6	0
0	2025	20	118	2	22	396.6393	87.26067
0	2025	20	119	1	22	1567.492	344.8482
0	2025	20	119	1	0	281.16	0
0	2025	20	119	2	22	680.082	149.618
0	2025	20	120	1	22	959.1803	211.0197
0	2025	20	120	1	0	138.3	0
0	2025	20	120	2	22	484.5901	106.6098
0	2025	20	121	1	22	1823.131	401.0889
0	2025	20	121	1	0	324.88	0
0	2025	20	121	2	22	604.918	133.082
0	2025	20	122	1	22	1687.869	371.3312
0	2025	20	122	1	0	382.1	0
0	2025	20	122	2	22	878.3607	193.2394
0	2025	20	123	1	22	620.8196	136.5803
0	2025	20	123	1	0	189.5	0
0	2025	20	123	2	22	371.7213	81.77869
0	2025	20	124	1	22	748.9508	164.7692
0	2025	20	124	1	0	199.13	0
0	2025	20	124	2	22	262.2131	57.68689
0	2025	20	125	1	22	577.9344	127.1456
0	2025	20	125	1	0	47.32	0
0	2025	20	125	2	22	259.5082	57.09181
0	2025	20	126	1	22	807.6229	177.6771
0	2025	20	126	1	0	322.8	0
0	2025	20	126	2	22	355.2459	78.15411
0	2025	20	127	1	22	985.5983	216.8317
0	2025	20	127	1	0	120.67	0
0	2025	20	127	2	22	384.0164	84.48361
0	2025	20	128	1	22	1713.213	376.9069
0	2025	20	128	1	0	277.18	0
0	2025	20	128	2	22	559.918	123.182
0	2025	20	129	1	22	1159.656	255.1243
0	2025	20	129	1	0	367.02	0
0	2025	20	129	2	22	697.8688	153.5312
206	2025	10	406	0	10	47.87	4.79
207	2025	10	407	0	4	49.5	1.98
207	2025	10	407	0	5	13.59	0.68
207	2025	10	407	0	10	87.6	8.76
207	2025	10	407	0	0	4.9	1.08
208	2025	10	408	0	4	37.92	1.52
208	2025	10	408	0	10	112.5	11.25
264	2025	10	409	0	10	32.9	3.29
264	2025	10	409	0	22	13.52	2.97
265	2025	10	410	0	10	23.04	2.3
266	2025	10	411	0	4	28.44	1.14
266	2025	10	411	0	10	59.8	5.98
267	2025	10	412	0	4	37.92	1.52
267	2025	10	412	0	10	153.8	15.38
268	2025	10	413	0	10	70.63	7.06
269	2025	10	414	0	10	85.43	8.54
270	2025	10	415	0	10	66.21	6.62
270	2025	10	415	0	22	13.52	2.97
271	2025	10	416	0	10	27.66	2.77
272	2025	10	417	0	4	71.4	2.86
273	2025	10	418	0	4	19.5	0.78
273	2025	10	418	0	10	44.85	4.49
274	2025	10	419	0	10	23.23	2.32
274	2025	10	419	0	22	13.52	2.97
275	2025	10	420	0	10	54.77	5.48
276	2025	10	421	0	5	13.78	0.69
276	2025	10	421	0	10	192.12	19.21
276	2025	10	421	0	22	4.9	1.08
277	2025	10	422	0	10	22.8	2.28
278	2025	10	423	0	4	37.92	1.52
279	2025	10	424	0	4	23.8	0.95
280	2025	10	425	0	10	23.04	2.3
281	2025	10	426	0	22	34.5	7.59
282	2025	10	427	0	10	14	1.4
282	2025	10	427	0	22	119.92	26.38
283	2025	10	428	0	10	764.5	76.45
284	2025	10	429	0	4	116.59	4.66
284	2025	10	429	0	10	25.71	2.57
285	2025	10	430	0	4	100.88	4.04
286	2025	10	431	0	10	1533	153.3
287	2025	10	432	0	10	1027	102.7
288	2025	10	433	0	4	82.63	3.31
288	2025	10	433	0	10	25.71	2.57
288	2025	10	433	0	0	0.01	0
289	2025	10	434	0	4	100.88	4.04
290	2025	10	435	0	10	81	8.1
290	2025	10	435	0	22	197.04	43.35
291	2025	10	436	0	4	57.14	2.29
291	2025	10	436	0	10	25.71	2.57
292	2025	10	437	0	4	75.66	3.03
293	2025	10	438	0	22	3386.06	744.93
293	2025	10	438	0	0	0.01	0
294	2025	10	439	0	22	419.53	92.3
295	2025	10	440	0	0	209.16	0
296	2025	10	441	0	4	42.53	1.7
296	2025	10	441	0	10	309.21	30.92
296	2025	10	441	0	22	1.6	0.35
297	2025	10	442	0	4	133.27	5.33
297	2025	10	442	0	10	364.51	36.45
297	2025	10	442	0	22	1.6	0.35
298	2025	10	443	0	4	665.9	26.64
298	2025	10	443	0	10	521.47	52.15
298	2025	10	443	0	22	1.6	0.35
299	2025	10	444	0	10	181.05	18.11
299	2025	10	444	0	22	1.6	0.35
300	2025	10	445	0	4	140.31	5.61
300	2025	10	445	0	10	336.77	33.68
300	2025	10	445	0	22	1.6	0.35
301	2025	10	446	0	4	27.53	1.1
301	2025	10	446	0	10	147.38	14.74
301	2025	10	446	0	22	1.6	0.35
504	2025	10	447	0	10	47.18	4.72
505	2025	10	448	0	4	140.31	5.61
505	2025	10	448	0	10	407.47	40.75
505	2025	10	448	0	22	1.6	0.35
506	2025	10	449	0	4	171.92	6.88
506	2025	10	449	0	10	481.95	48.2
506	2025	10	449	0	22	1.6	0.35
507	2025	10	450	0	4	15	0.6
507	2025	10	450	0	22	1.6	0.35
508	2025	10	451	0	4	177.94	7.12
508	2025	10	451	0	10	309.66	30.97
508	2025	10	451	0	22	1.6	0.35
509	2025	10	452	0	10	111.8	11.18
510	2025	10	453	0	10	131.42	13.14
511	2025	10	454	0	10	128.36	12.84
512	2025	10	455	0	10	85.15	8.52
513	2025	10	456	0	10	164.24	16.42
514	2025	10	457	0	10	107.84	10.78
515	2025	10	458	0	10	98.15	9.82
516	2025	10	459	0	10	174.48	17.45
517	2025	10	460	0	10	206.12	20.61
517	2025	10	460	0	22	32.81	7.22
518	2025	10	461	0	10	67.7	6.77
519	2025	10	462	0	10	520	52
520	2025	10	463	0	22	89	19.58
521	2025	10	464	0	22	152	33.44
522	2025	10	465	0	5	6	0.3
522	2025	10	465	0	22	170.36	37.48
523	2025	10	466	0	22	130.1	28.62
524	2025	10	467	0	22	174.3	38.35
525	2025	10	468	0	22	108.1	23.78
526	2025	10	469	0	22	104.43	22.97
527	2025	10	470	0	22	223.6	49.19
528	2025	10	471	0	5	6	0.3
528	2025	10	471	0	22	152.3	33.51
529	2025	10	472	0	22	219.5	48.29
530	2025	10	473	0	10	155.5	15.55
530	2025	10	473	0	22	5	1.1
531	2025	10	474	0	22	81.7	17.97
532	2025	10	475	0	22	345.01	75.9
533	2025	10	476	0	10	121	12.1
533	2025	10	476	0	22	5	1.1
534	2025	10	477	0	22	234.6	51.61
535	2025	10	478	0	10	76.5	7.65
535	2025	10	478	0	22	5	1.1
536	2025	10	479	0	22	52.72	11.6
537	2025	10	480	0	22	177.36	39.02
538	2025	10	481	0	10	116	11.6
538	2025	10	481	0	22	5	1.1
539	2025	10	482	0	22	105	23.1
540	2025	10	483	0	4	44.13	1.77
306	2025	10	91	0	10	30	3
306	2025	10	91	0	22	112.72	24.8
307	2025	10	92	0	22	92.52	20.35
308	2025	10	93	0	4	293.91	11.76
308	2025	10	93	0	10	25.71	2.57
309	2025	10	94	0	4	104.76	4.19
310	2025	10	95	0	10	14	1.4
310	2025	10	95	0	22	92.52	20.35
311	2025	10	96	0	4	226.98	9.08
311	2025	10	96	0	10	25.71	2.57
312	2025	10	97	0	4	52.38	2.1
313	2025	10	98	0	10	1772.25	177.23
314	2025	10	99	0	10	1012.75	101.28
315	2025	10	100	0	10	28	2.8
315	2025	10	100	0	22	92.52	20.35
316	2025	10	101	0	4	212.43	8.5
316	2025	10	101	0	10	25.71	2.57
317	2025	10	102	0	4	52.38	2.1
318	2025	10	103	0	22	2121.21	466.67
318	2025	10	103	0	0	1.12	0
319	2025	10	104	0	22	150	33
320	2025	10	105	0	22	184.16	40.52
320	2025	10	105	0	0	209.16	0
321	2025	10	106	0	0	209.16	0
322	2025	10	107	0	4	74.72	2.99
322	2025	10	107	0	10	461.9	46.19
322	2025	10	107	0	22	1.6	0.35
323	2025	10	108	0	4	27.53	1.1
323	2025	10	108	0	10	490.76	49.08
323	2025	10	108	0	22	1.6	0.35
324	2025	10	109	0	4	27.53	1.1
324	2025	10	109	0	10	131.42	13.14
324	2025	10	109	0	22	1.6	0.35
325	2025	10	110	0	10	252.77	25.28
325	2025	10	110	0	22	1.6	0.35
326	2025	10	111	0	4	27.53	1.1
326	2025	10	111	0	10	322.14	32.21
326	2025	10	111	0	22	1.6	0.35
327	2025	10	112	0	4	27.53	1.1
327	2025	10	112	0	10	560.24	56.02
327	2025	10	112	0	22	1.6	0.35
328	2025	10	113	0	10	65.24	6.52
328	2025	10	113	0	22	1.6	0.35
329	2025	10	114	0	10	88.22	8.82
330	2025	10	115	0	10	88.22	8.82
331	2025	10	116	0	10	205.63	20.56
332	2025	10	117	0	10	128.36	12.84
333	2025	10	118	0	10	246.98	24.7
334	2025	10	119	0	10	47.18	4.72
335	2025	10	120	0	10	64.63	6.46
336	2025	10	121	0	10	249.92	24.99
337	2025	10	122	0	10	128.36	12.84
338	2025	10	123	0	10	88.22	8.82
0	2025	20	1	1	10	1602.545	160.2546
0	2025	20	1	1	0	430	0
0	2025	20	1	2	10	637.0909	63.70911
0	2025	20	2	1	10	1296.818	129.6818
0	2025	20	2	1	0	295.35	0
0	2025	20	2	2	10	692.9091	69.29092
0	2025	20	3	1	10	2340.536	234.0537
0	2025	20	3	1	0	881.46	0
0	2025	20	3	2	10	748	74.80002
0	2025	20	4	1	10	2045.091	204.5091
0	2025	20	4	1	0	565.6	0
0	2025	20	4	2	10	1111.091	111.1091
0	2025	20	5	1	10	1865.364	186.5364
0	2025	20	5	1	0	849.4	0
0	2025	20	5	2	10	872.2727	87.22729
0	2025	20	6	1	10	987.4545	98.74548
0	2025	20	6	1	0	244.7	0
0	2025	20	6	2	10	358.1818	35.81819
0	2025	20	7	1	10	837.1818	83.7182
0	2025	20	7	1	0	262.37	0
0	2025	20	7	2	10	380.0182	38.00183
0	2025	20	8	1	10	1025.845	102.5846
0	2025	20	8	1	0	240.35	0
0	2025	20	8	2	10	393.3727	39.33728
0	2025	20	9	1	10	1115.818	111.5818
0	2025	20	9	1	0	99.4	0
0	2025	20	9	2	10	308.5636	30.85637
0	2025	20	10	1	10	2021.064	202.1064
0	2025	20	10	1	0	728.13	0
0	2025	20	10	2	10	758.3636	75.83638
0	2025	20	11	1	10	1325.645	132.5646
0	2025	20	11	1	0	211	0
0	2025	20	11	2	10	818.6364	81.86366
0	2025	20	12	1	10	794.4727	79.44729
0	2025	20	12	1	0	238.08	0
0	2025	20	12	2	10	380.6364	38.06364
0	2025	20	13	1	10	702.6182	70.26183
0	2025	20	13	1	0	236.9	0
0	2025	20	13	2	10	386.7273	38.67274
0	2025	20	14	1	10	718.9	71.89001
0	2025	20	14	1	0	516.01	0
0	2025	20	14	2	10	363.8182	36.38182
0	2025	20	15	1	10	642.1818	64.21819
0	2025	20	15	1	0	496.1	0
0	2025	20	15	2	10	382	38.20001
0	2025	20	16	1	10	768	76.80002
0	2025	20	16	1	0	253.6	0
0	2025	20	16	2	10	504.8182	50.48183
0	2025	20	17	1	10	2059.173	205.9173
0	2025	20	17	1	0	314.05	0
0	2025	20	17	2	10	871.0909	87.10911
0	2025	20	18	1	10	1678.318	167.8318
0	2025	20	18	1	0	218.95	0
0	2025	20	18	2	10	913.2727	91.32729
0	2025	20	19	1	10	522.2727	52.22728
0	2025	20	19	1	0	293.5	0
0	2025	20	19	2	10	277.5454	27.75455
0	2025	20	19	2	0	26.2	0
0	2025	20	20	1	10	819.0818	81.9082
0	2025	20	20	1	0	243.21	0
0	2025	20	20	2	10	405.5454	40.55455
0	2025	20	21	1	10	928.3636	92.83638
0	2025	20	21	1	0	309.1	0
0	2025	20	21	2	10	398.2727	39.82728
0	2025	20	22	1	10	1105.909	110.5909
0	2025	20	22	1	0	250.85	0
0	2025	20	22	2	10	408.5182	40.85183
0	2025	20	23	1	10	871.5454	87.15456
0	2025	20	23	1	0	427.2	0
0	2025	20	23	2	10	436.6364	43.66365
0	2025	20	23	2	0	18.71	0
0	2025	20	24	1	10	2209.945	220.9946
0	2025	20	24	1	0	440.23	0
0	2025	20	24	2	10	590.8182	59.08183
0	2025	20	25	1	10	1866.545	186.6546
0	2025	20	25	1	0	298.4	0
0	2025	20	25	2	10	921.9636	92.19638
0	2025	20	26	1	10	860.6727	86.06729
0	2025	20	26	1	0	150.78	0
0	2025	20	26	2	10	347	34.70001
0	2025	20	27	1	10	658.8364	65.88365
0	2025	20	27	1	0	221.6	0
0	2025	20	27	2	10	341.2727	34.12728
0	2025	20	28	1	10	922.0909	92.20911
0	2025	20	28	1	0	175.2	0
0	2025	20	28	2	10	339.6364	33.96364
0	2025	20	29	1	10	848.1818	84.8182
0	2025	20	29	1	0	165.5	0
0	2025	20	29	2	10	310.7273	31.07273
0	2025	20	30	1	10	941.6364	94.16366
0	2025	20	30	1	0	387.9	0
0	2025	20	30	2	10	379.5727	37.95728
339	2025	10	124	0	10	520	52
340	2025	10	125	0	10	675.67	67.57
340	2025	10	125	0	0	173.7	0
340	2025	10	125	0	0	-173.7	0
341	2025	10	126	0	22	174.3	38.35
343	2025	10	127	0	22	109.4	24.07
344	2025	10	128	0	22	39.1	8.6
345	2025	10	129	0	5	6	0.3
345	2025	10	129	0	22	254.6	56.01
346	2025	10	130	0	22	188.6	41.49
347	2025	10	131	0	22	102.77	22.61
348	2025	10	132	0	22	234.39	51.57
349	2025	10	133	0	22	174.3	38.35
350	2025	10	134	0	22	225	49.5
351	2025	10	135	0	22	495	108.9
352	2025	10	136	0	10	137	13.7
352	2025	10	136	0	22	5	1.1
353	2025	10	137	0	22	289.96	63.79
354	2025	10	138	0	10	21	2.1
355	2025	10	139	0	10	197.5	19.75
355	2025	10	139	0	22	5	1.1
356	2025	10	140	0	10	155.5	15.55
356	2025	10	140	0	22	5	1.1
357	2025	10	141	0	22	234.6	51.61
358	2025	10	142	0	22	139.22	30.63
359	2025	10	143	0	22	292.38	64.32
360	2025	10	144	0	22	61.2	13.46
361	2025	10	145	0	22	117.31	25.81
362	2025	10	146	0	22	66.12	14.55
342	2025	10	147	0	10	165.5	16.55
342	2025	10	147	0	22	5	1.1
364	2025	10	148	0	4	5.19	0.21
365	2025	10	149	0	22	6.8	1.5
366	2025	10	150	0	4	4.04	0.16
367	2025	10	151	0	22	0.16	0.04
368	2025	10	152	0	4	24.04	0.96
369	2025	10	153	0	4	4.42	0.18
370	2025	10	154	0	22	0.02	0
370	2025	10	154	0	4	5.77	0.23
371	2025	10	155	0	22	3.25	0.71
371	2025	10	155	0	4	1.9	0.08
372	2025	10	156	0	22	30.46	6.7
373	2025	10	157	0	4	3.85	0.15
374	2025	10	158	0	4	48.08	1.92
375	2025	10	159	0	22	10.82	2.38
375	2025	10	159	0	10	9.27	0.93
376	2025	10	160	0	10	2.7	0.27
377	2025	10	161	0	22	25.74	5.66
378	2025	10	162	0	22	5.08	1.12
379	2025	10	163	0	22	21.64	4.76
363	2025	10	164	0	22	7.41	1.63
381	2025	10	165	0	22	5.08	1.12
382	2025	10	166	0	4	19.23	0.77
383	2025	10	167	0	4	135	5.4
383	2025	10	167	0	22	1.3	0.29
384	2025	10	168	0	4	135	5.4
384	2025	10	168	0	22	1.3	0.29
385	2025	10	169	0	4	216	8.64
385	2025	10	169	0	22	1.3	0.29
380	2025	10	170	0	4	189	7.56
380	2025	10	170	0	22	1.3	0.29
387	2025	10	171	0	10	310.33	31.03
388	2025	10	172	0	10	70.42	7.04
389	2025	10	173	0	10	231.47	23.15
390	2025	10	174	0	4	121.3	4.85
390	2025	10	174	0	10	96.59	9.66
391	2025	10	175	0	10	121.82	12.18
392	2025	10	176	0	4	23.8	0.95
392	2025	10	176	0	10	24.4	2.44
393	2025	10	177	0	10	27.15	2.72
394	2025	10	178	0	10	39.52	3.95
395	2025	10	179	0	4	47.6	1.9
395	2025	10	179	0	10	52.08	5.21
395	2025	10	179	0	22	23	5.06
396	2025	10	180	0	4	46.8	1.87
396	2025	10	180	0	10	140.1	14.01
397	2025	10	181	0	4	92.7	3.71
397	2025	10	181	0	10	74.14	7.41
397	2025	10	181	0	22	4.9	1.08
398	2025	10	182	0	10	29.96	3
399	2025	10	183	0	10	53.15	5.32
386	2025	10	184	0	4	28.6	1.14
400	2025	10	185	0	10	91.89	9.19
401	2025	10	186	0	4	47.6	1.9
401	2025	10	186	0	10	82.94	8.29
401	2025	10	186	0	22	23.75	5.23
402	2025	10	187	0	4	44.75	1.79
402	2025	10	187	0	10	70.19	7.02
402	2025	10	187	0	22	4.9	1.08
403	2025	10	188	0	4	37.44	1.5
403	2025	10	188	0	10	113.64	11.36
404	2025	10	189	0	4	47.6	1.9
404	2025	10	189	0	10	17.86	1.79
405	2025	10	190	0	10	29.8	2.98
406	2025	10	191	0	4	28.08	1.12
406	2025	10	191	0	10	140.8	14.08
407	2025	10	192	0	4	74.8	2.99
407	2025	10	192	0	10	83.03	8.3
408	2025	10	193	0	22	83.7	18.41
872	2025	10	703	0	10	22.8	2.28
739	2025	10	558	0	22	1230	270.6
573	2025	10	272	0	10	79.66	7.97
614	2025	10	313	0	22	92.52	20.35
609	2025	10	308	0	10	64	6.4
609	2025	10	308	0	22	92.52	20.35
606	2025	10	305	0	10	28	2.8
606	2025	10	305	0	22	113.92	25.06
572	2025	10	271	0	10	272.83	27.28
873	2025	10	704	0	5	6	0.3
873	2025	10	704	0	22	244.3	53.75
874	2025	10	705	0	22	95.2	20.94
445	2025	10	230	0	5	12	0.6
445	2025	10	230	0	22	74.6	16.41
446	2025	10	231	0	22	174.3	38.35
447	2025	10	232	0	5	6	0.3
447	2025	10	232	0	22	258.9	56.96
448	2025	10	233	0	22	212.66	46.79
449	2025	10	234	0	5	6	0.3
449	2025	10	234	0	22	166.6	36.65
450	2025	10	235	0	5	12	0.6
450	2025	10	235	0	22	144.5	31.79
451	2025	10	236	0	22	196.3	43.19
452	2025	10	237	0	22	104.3	22.95
612	2025	10	311	0	10	801.75	80.18
613	2025	10	312	0	10	1112	111.2
875	2025	10	706	0	4	227.16	9.09
875	2025	10	706	0	0	0.01	0
876	2025	10	707	0	4	100.88	4.04
607	2025	10	306	0	4	126.1	5.04
608	2025	10	307	0	4	199.82	7.99
608	2025	10	307	0	10	25.71	2.57
610	2025	10	309	0	4	61.3	2.45
610	2025	10	309	0	10	25.71	2.57
617	2025	10	316	0	4	227.16	9.09
617	2025	10	316	0	10	25.71	2.58
618	2025	10	317	0	4	50.44	2.02
616	2025	10	315	0	4	100.88	4.04
615	2025	10	314	0	4	227.16	9.09
615	2025	10	314	0	10	25.71	2.58
611	2025	10	310	0	4	126.1	5.04
443	2025	10	228	0	10	520	52
455	2025	10	240	0	22	36.89	8.12
877	2025	10	708	0	22	265.3	58.37
878	2025	10	709	0	10	97.7	9.77
879	2025	10	710	0	22	100	22
880	2025	10	711	0	4	3577.9	143.12
881	2025	10	712	0	22	116.93	25.72
605	2025	10	304	0	4	28.08	1.12
605	2025	10	304	0	10	111.3	11.13
604	2025	10	303	0	4	83.75	3.35
604	2025	10	303	0	10	70.43	7.04
603	2025	10	302	0	10	29.92	2.99
601	2025	10	300	0	10	39.76	3.98
602	2025	10	301	0	4	47.6	1.9
602	2025	10	301	0	10	13	1.3
602	2025	10	301	0	22	13.52	2.97
600	2025	10	299	0	10	57.67	5.77
599	2025	10	298	0	4	55.3	2.21
599	2025	10	298	0	10	72.47	7.25
599	2025	10	298	0	22	4.9	1.08
598	2025	10	297	0	4	28.08	1.12
598	2025	10	297	0	10	111	11.1
597	2025	10	296	0	4	23.8	0.95
597	2025	10	296	0	10	26.76	2.68
596	2025	10	295	0	10	34.27	3.43
595	2025	10	293	0	10	71.7	7.17
594	2025	10	292	0	10	111.4	11.14
593	2025	10	291	0	4	24.9	1
593	2025	10	291	0	10	13.4	1.34
593	2025	10	291	0	22	10.55	2.32
592	2025	10	290	0	4	47.6	1.9
591	2025	10	289	0	4	108.38	4.34
591	2025	10	289	0	10	74.85	7.48
591	2025	10	289	0	22	4.56	1
590	2025	10	288	0	4	28.08	1.12
590	2025	10	288	0	10	111	11.1
589	2025	10	287	0	10	16.91	1.69
588	2025	10	286	0	10	23.04	2.3
587	2025	10	285	0	4	47.6	1.9
587	2025	10	285	0	10	113.82	11.38
586	2025	10	284	0	4	37.44	1.5
586	2025	10	284	0	10	136.7	13.67
585	2025	10	283	0	4	281.35	11.25
585	2025	10	283	0	10	85.14	8.51
585	2025	10	283	0	22	4.9	1.08
584	2025	10	282	0	10	30.3	3.03
583	2025	10	281	0	4	23.8	0.95
583	2025	10	281	0	10	38.31	3.83
582	2025	10	280	0	10	78.23	7.82
580	2025	10	279	0	4	23.8	0.95
580	2025	10	279	0	10	101.11	10.11
579	2025	10	278	0	10	104.3	10.43
578	2025	10	277	0	4	39	1.56
578	2025	10	277	0	10	46	4.6
577	2025	10	276	0	4	47.6	1.9
577	2025	10	276	0	10	13	1.3
577	2025	10	276	0	22	13.2	2.9
575	2025	10	274	0	4	35.8	1.43
575	2025	10	274	0	10	55.24	5.52
575	2025	10	274	0	22	4.9	1.08
574	2025	10	273	0	10	43.52	4.35
576	2025	10	275	0	4	37.44	1.5
576	2025	10	275	0	10	10.8	1.08
581	2025	10	294	0	10	19.5	1.95
581	2025	10	294	0	22	13.2	2.9
554	2025	10	253	0	10	34	3.4
549	2025	10	248	0	10	189.5	18.95
549	2025	10	248	0	22	5	1.1
544	2025	10	243	0	10	76.5	7.65
544	2025	10	243	0	22	5	1.1
545	2025	10	244	0	10	155.5	15.55
545	2025	10	244	0	22	5	1.1
555	2025	10	254	0	10	155.5	15.55
555	2025	10	254	0	22	5	1.1
453	2025	10	238	0	4	2307.69	92.31
882	2025	10	713	0	22	16.64	3.66
553	2025	10	252	0	22	94.29	20.74
552	2025	10	251	0	22	1.53	0.34
551	2025	10	250	0	22	182.48	40.15
550	2025	10	249	0	22	10.83	2.38
550	2025	10	249	0	10	0.04	0
0	2025	20	130	1	22	658.1967	144.8033
0	2025	20	130	1	0	271.7	0
0	2025	20	130	2	22	308.4426	67.85738
0	2025	20	131	1	22	615.5082	135.4118
0	2025	20	131	1	0	238.18	0
0	2025	20	131	2	22	317.7869	69.91312
0	2025	20	132	1	22	767.6229	168.8771
0	2025	20	132	1	0	390.2	0
0	2025	20	132	2	22	315.9016	69.49837
0	2025	20	133	1	22	754.5901	166.0099
0	2025	20	133	1	0	139.8	0
0	2025	20	133	2	22	359.918	79.18198
0	2025	20	134	1	22	864.8361	190.264
0	2025	20	134	1	0	183.5	0
0	2025	20	134	2	22	410.082	90.21804
0	2025	20	135	1	22	1804.885	397.0748
0	2025	20	135	1	0	365.59	0
0	2025	20	135	2	22	703.8524	154.8476
0	2025	20	136	1	22	1051.066	231.2345
0	2025	20	136	1	0	262.5	0
0	2025	20	136	2	22	497.0492	109.3508
0	2025	20	137	1	22	613.0328	134.8672
0	2025	20	137	1	0	293.9	0
0	2025	20	137	2	22	363.2787	79.92132
0	2025	20	138	1	22	634.0164	139.4836
0	2025	20	138	1	0	358.15	0
0	2025	20	138	2	22	303.6885	66.81149
0	2025	20	139	1	22	894.2213	196.7287
0	2025	20	139	1	0	200.85	0
0	2025	20	139	2	22	345.1639	75.93607
0	2025	20	140	1	22	793.3934	174.5466
0	2025	20	140	1	0	336.66	0
0	2025	20	140	2	22	300.6557	66.14427
0	2025	20	141	1	22	1298.443	285.6574
0	2025	20	141	1	0	106.7	0
0	2025	20	141	2	22	429.5901	94.50985
0	2025	20	142	1	22	1746.172	384.1579
0	2025	20	142	1	0	308.72	0
0	2025	20	142	2	22	603.1967	132.7033
0	2025	20	143	1	22	1408.713	309.9169
0	2025	20	143	1	0	596.12	0
0	2025	20	143	2	22	726.4754	159.8246
0	2025	20	144	1	22	827.9508	182.1492
0	2025	20	144	1	0	211.4	0
0	2025	20	144	2	22	352.541	77.55902
0	2025	20	145	1	22	591.0328	130.0272
0	2025	20	145	1	0	298.18	0
0	2025	20	145	2	22	352.7869	77.61312
0	2025	20	146	1	22	860.0164	189.2036
0	2025	20	146	1	0	302.26	0
0	2025	20	146	2	22	347.377	76.42296
0	2025	20	147	1	22	767.7869	168.9131
0	2025	20	147	1	0	252.15	0
0	2025	20	147	2	22	361.6393	79.56066
0	2025	20	148	1	22	989.5082	217.6918
0	2025	20	148	1	0	262.2	0
0	2025	20	148	2	22	332.377	73.12296
0	2025	20	149	1	22	1802.639	396.5807
0	2025	20	149	1	0	335.78	0
0	2025	20	149	2	22	633.3607	139.3394
0	2025	20	150	1	22	1342.057	295.2527
0	2025	20	150	1	0	320.79	0
0	2025	20	150	2	22	550.4918	121.1082
0	2025	20	151	1	22	1674.426	368.3738
0	2025	20	151	1	0	195.1	0
0	2025	20	151	2	22	737.0491	162.1508
0	2025	20	152	1	22	750.8196	165.1803
0	2025	20	152	1	0	193.9	0
0	2025	20	152	2	22	448.1967	98.60329
0	2025	20	153	1	22	925.8196	203.6803
0	2025	20	153	1	0	418.48	0
0	2025	20	153	2	22	384.0984	84.50165
0	2025	20	154	1	22	750.1639	165.0361
0	2025	20	154	1	0	240.5	0
0	2025	20	154	2	22	363.2787	79.92132
0	2025	20	155	1	22	805.9672	177.3128
0	2025	20	155	1	0	332.37	0
0	2025	20	155	2	22	352.7869	77.61312
0	2025	20	156	1	22	1837.213	404.1869
0	2025	20	156	1	0	193.1	0
0	2025	20	156	2	22	492.6229	108.3771
0	2025	20	157	1	22	1240.656	272.9443
0	2025	20	157	1	0	188.4	0
0	2025	20	157	2	22	573.5246	126.1754
0	2025	20	158	1	22	794.3853	174.7648
0	2025	20	158	1	0	391.85	0
0	2025	20	158	2	22	470.4098	103.4902
0	2025	20	159	1	22	915	201.3
0	2025	20	159	1	0	107.4	0
0	2025	20	159	2	22	384.0164	84.48361
0	2025	20	160	1	22	1006.934	221.5256
0	2025	20	160	1	0	289.84	0
0	2025	20	160	2	22	536.2295	117.9705
0	2025	20	161	1	22	785.1639	172.7361
0	2025	20	161	1	0	279.3	0
0	2025	20	161	2	22	402.377	88.52296
0	2025	20	162	1	22	1065.328	234.3722
0	2025	20	162	1	0	168.9	0
0	2025	20	162	2	22	440.2459	96.85411
0	2025	20	163	1	22	1760.41	387.2902
0	2025	20	163	1	0	101.5	0
0	2025	20	163	2	22	450.7377	99.16231
0	2025	20	164	1	22	1794.123	394.7071
0	2025	20	164	1	0	251.27	0
0	2025	20	164	2	22	629.2623	138.4377
0	2025	20	165	1	22	1022.131	224.8689
0	2025	20	165	1	0	252.7	0
0	2025	20	165	2	22	529.4262	116.4738
0	2025	20	166	1	22	961.8033	211.5967
0	2025	20	166	1	0	214.5	0
0	2025	20	166	2	22	515.6557	113.4443
0	2025	20	167	1	22	1200.492	264.1082
0	2025	20	167	1	0	172.7	0
0	2025	20	167	2	22	716.3115	157.5885
0	2025	20	168	1	22	1020.902	224.5984
0	2025	20	168	1	0	225.55	0
0	2025	20	168	2	22	395.2459	86.95411
0	2025	20	169	1	22	1113.123	244.8871
0	2025	20	169	1	0	212.49	0
0	2025	20	169	2	22	412.9508	90.84919
0	2025	20	170	1	22	1999.836	439.964
0	2025	20	170	1	0	301.9	0
409	2025	10	194	0	10	29.84	2.98
410	2025	10	195	0	10	28.7	2.87
411	2025	10	196	0	4	47.6	1.9
411	2025	10	196	0	10	29	2.9
411	2025	10	196	0	22	13.2	2.9
412	2025	10	197	0	10	78.35	7.84
413	2025	10	198	0	10	16	1.6
413	2025	10	198	0	22	92.52	20.35
414	2025	10	199	0	4	52.38	2.1
415	2025	10	200	0	4	150.36	6
416	2025	10	201	0	10	1390	139
417	2025	10	202	0	22	92.52	20.35
418	2025	10	203	0	4	238.63	9.55
418	2025	10	203	0	10	25.71	2.55
419	2025	10	204	0	4	104.76	4.19
420	2025	10	205	0	10	629.5	62.95
421	2025	10	206	0	10	14	1.4
421	2025	10	206	0	22	92.52	20.35
422	2025	10	207	0	4	199.82	7.99
423	2025	10	208	0	4	100.88	4.04
424	2025	10	209	0	22	4502.23	990.49
424	2025	10	209	0	0	-0.72	0
425	2025	10	210	0	22	429.35	94.46
425	2025	10	210	0	0	209.16	0
426	2025	10	211	0	0	464.8	0
427	2025	10	212	0	4	42.53	1.7
427	2025	10	212	0	10	316.59	31.66
427	2025	10	212	0	22	1.6	0.35
428	2025	10	213	0	10	321.42	32.14
428	2025	10	213	0	22	1.6	0.35
429	2025	10	214	0	10	182.4	18.24
429	2025	10	214	0	22	1.6	0.35
430	2025	10	215	0	10	90.24	9.02
430	2025	10	215	0	22	1.6	0.35
431	2025	10	216	0	4	55.98	2.24
431	2025	10	216	0	10	355.28	35.53
431	2025	10	216	0	22	1.6	0.35
432	2025	10	217	0	10	67.7	6.77
433	2025	10	218	0	10	128.36	12.84
434	2025	10	219	0	10	149.86	14.99
435	2025	10	220	0	10	88.22	8.82
436	2025	10	221	0	10	84.47	8.45
437	2025	10	222	0	10	88.22	8.82
438	2025	10	223	0	10	149.86	14.99
439	2025	10	224	0	10	176.27	17.63
440	2025	10	225	0	10	128.36	12.84
441	2025	10	226	0	10	67.7	6.77
442	2025	10	227	0	10	88.22	8.82
0	2025	20	31	1	10	2075.909	207.591
0	2025	20	31	1	0	281.9	0
0	2025	20	31	2	10	824.3091	82.43092
0	2025	20	32	1	10	1329.182	132.9182
0	2025	20	32	1	0	295.6	0
0	2025	20	32	2	10	901.4545	90.14548
0	2025	20	33	1	10	576.2909	57.6291
0	2025	20	33	1	0	339.58	0
0	2025	20	33	2	10	470.5454	47.05455
0	2025	20	34	1	10	826.4091	82.64093
0	2025	20	34	1	0	351.4	0
0	2025	20	34	2	10	343.5454	34.35455
0	2025	20	35	1	10	681.7272	68.17274
0	2025	20	35	1	0	293.7	0
0	2025	20	35	2	10	377.1273	37.71273
0	2025	20	36	1	10	979.709	97.97093
0	2025	20	36	1	0	253.6	0
0	2025	20	36	2	10	356.6727	35.66728
0	2025	20	37	1	10	1033.454	103.3455
0	2025	20	37	1	0	157.3	0
0	2025	20	37	2	10	500.7273	50.07274
0	2025	20	38	1	10	2150.318	215.0319
0	2025	20	38	1	0	495.45	0
0	2025	20	38	2	10	927.4545	92.74548
0	2025	20	39	1	10	1348.518	134.8519
0	2025	20	39	1	0	476.8	0
0	2025	20	39	2	10	868	86.80002
0	2025	20	40	1	10	750.9272	75.09274
0	2025	20	40	1	0	212.78	0
0	2025	20	40	2	10	417.6364	41.76365
0	2025	20	41	1	10	879.3636	87.93639
0	2025	20	41	1	0	69.5	0
0	2025	20	41	2	10	389.8636	38.98637
0	2025	20	42	1	10	899.4363	89.94366
0	2025	20	42	1	0	153.08	0
0	2025	20	42	2	10	333.9091	33.39091
0	2025	20	43	1	10	1046.136	104.6137
0	2025	20	43	1	0	357.65	0
0	2025	20	43	2	10	404.8182	40.48183
0	2025	20	44	1	10	1112.273	111.2273
0	2025	20	44	1	0	382.9	0
0	2025	20	44	2	10	401.3636	40.13637
0	2025	20	45	1	10	1822.491	182.2491
0	2025	20	45	1	0	198.66	0
0	2025	20	45	2	10	616.5455	61.65456
0	2025	20	46	1	10	1656.545	165.6546
0	2025	20	46	1	0	286.4	0
0	2025	20	46	2	10	916.709	91.67093
0	2025	20	47	1	10	753.1818	75.3182
0	2025	20	47	1	0	298.6	0
0	2025	20	47	2	10	360.1818	36.01819
0	2025	20	48	1	10	619.2727	61.92729
0	2025	20	48	1	0	314.8	0
0	2025	20	48	2	10	408	40.80001
0	2025	20	49	1	10	618.1818	61.8182
0	2025	20	49	1	0	286.4	0
0	2025	20	49	2	10	326.4545	32.64546
0	2025	20	50	1	10	753.6364	75.36366
0	2025	20	50	1	0	288.7	0
0	2025	20	50	2	10	400.3636	40.03637
0	2025	20	51	1	10	954.9272	95.49274
0	2025	20	51	1	0	176.8	0
0	2025	20	51	2	10	437.1818	43.71819
0	2025	20	52	1	10	1756.982	175.6982
0	2025	20	52	1	0	765.12	0
0	2025	20	52	2	10	740.5818	74.0582
0	2025	20	52	2	0	15.26	0
0	2025	20	53	1	10	1071.909	107.1909
0	2025	20	53	1	0	555.9	0
0	2025	20	53	2	10	715	71.50002
0	2025	20	53	2	0	5.5	0
0	2025	20	54	1	10	701.8182	70.18183
0	2025	20	54	1	0	239.3	0
0	2025	20	54	2	10	388.9091	38.89092
0	2025	20	55	1	10	781.2454	78.12457
0	2025	20	55	1	0	291.3	0
0	2025	20	55	2	10	406.5454	40.65455
0	2025	20	56	1	10	661.9091	66.19093
0	2025	20	56	1	0	200	0
0	2025	20	56	2	10	449.8182	44.98183
0	2025	20	57	1	10	723.2909	72.32911
0	2025	20	57	1	0	340.18	0
0	2025	20	57	2	10	379.3636	37.93637
0	2025	20	58	1	10	871.2545	87.12547
0	2025	20	58	1	0	297.42	0
0	2025	20	58	2	10	336.4545	33.64546
0	2025	20	58	2	0	0.05	0
548	2025	10	247	0	22	294.45	64.78
444	2025	10	229	0	22	40.36	8.88
547	2025	10	246	0	22	52.59	11.57
546	2025	10	245	0	22	58.24	12.81
543	2025	10	242	0	22	301.07	66.24
456	2025	10	241	0	22	36.61	8.05
663	2025	10	324	0	4	27.53	1.1
663	2025	10	324	0	10	426.7	42.67
663	2025	10	324	0	22	1.6	0.35
660	2025	10	321	0	4	75.45	3.02
660	2025	10	321	0	10	288.48	28.85
660	2025	10	321	0	22	1.6	0.35
664	2025	10	325	0	4	27.53	1.1
664	2025	10	325	0	10	124.94	12.49
664	2025	10	325	0	22	1.6	0.35
454	2025	10	239	0	22	360	79.2
659	2025	10	320	0	4	15	0.6
659	2025	10	320	0	10	172.86	17.29
659	2025	10	320	0	22	1.6	0.35
658	2025	10	319	0	10	232.73	23.27
658	2025	10	319	0	22	1.6	0.35
662	2025	10	323	0	10	313.58	31.36
662	2025	10	323	0	22	1.6	0.35
661	2025	10	322	0	10	106.92	10.69
661	2025	10	322	0	22	1.6	0.35
567	2025	10	266	0	4	3.83	0.15
566	2025	10	265	0	22	24.15	5.31
565	2025	10	264	0	4	12.5	0.5
564	2025	10	263	0	4	15	0.6
563	2025	10	262	0	22	25.74	5.66
562	2025	10	261	0	4	15	0.6
560	2025	10	259	0	4	27.5	1.1
561	2025	10	260	0	22	26.63	5.86
559	2025	10	258	0	4	25	1
558	2025	10	257	0	22	0.02	0
558	2025	10	257	0	4	4.6	0.18
556	2025	10	255	0	22	23.29	5.12
557	2025	10	256	0	4	24.04	0.96
883	2025	10	714	0	10	143.5	14.35
884	2025	10	715	0	4	1210.1	48.4
671	2025	10	332	0	10	47.18	4.72
675	2025	10	336	0	10	88.22	8.82
668	2025	10	329	0	10	128.36	12.84
672	2025	10	333	0	10	44.11	4.41
669	2025	10	330	0	10	88.22	8.82
667	2025	10	328	0	10	107.84	10.78
885	2025	10	716	0	10	79.27	7.93
674	2025	10	335	0	10	261.85	26.19
670	2025	10	331	0	10	167.84	16.78
568	2025	10	267	0	4	135	5.4
568	2025	10	267	0	22	1.3	0.29
569	2025	10	268	0	4	216	8.64
569	2025	10	268	0	22	1.3	0.29
570	2025	10	269	0	4	135	5.4
570	2025	10	269	0	22	1.3	0.29
571	2025	10	270	0	4	216	8.64
571	2025	10	270	0	22	1.3	0.29
673	2025	10	334	0	10	282.88	28.29
665	2025	10	326	0	10	96.58	9.66
666	2025	10	327	0	10	118.47	11.85
666	2025	10	327	0	22	196.36	43.2
190	2025	10	390	0	10	88.32	8.83
189	2025	10	389	0	10	73.56	7.36
188	2025	10	388	0	10	294.69	29.47
149	2025	10	349	0	22	138.6	30.49
148	2025	10	348	0	22	209.3	46.05
147	2025	10	347	0	5	6	0.3
147	2025	10	347	0	22	198.3	43.63
146	2025	10	346	0	22	55.8	12.28
145	2025	10	345	0	22	174.3	38.35
144	2025	10	344	0	22	48.9	10.76
143	2025	10	343	0	22	221.9	48.82
142	2025	10	342	0	22	273.36	60.14
886	2025	10	717	0	22	84.83	18.66
887	2025	10	718	0	22	1800	396
888	2025	10	719	0	22	149	32.78
488	2025	10	561	0	10	73.8	7.38
194	2025	10	394	0	10	270.85	27.09
194	2025	10	394	0	22	64.86	14.27
889	2025	10	720	0	4	128.92	5.16
889	2025	10	720	0	10	25.71	2.57
890	2025	10	721	0	4	100.88	4.04
891	2025	10	722	0	4	3753.1	150.12
205	2025	10	405	0	4	47.6	1.9
205	2025	10	405	0	10	19.5	1.95
195	2025	10	395	0	4	47.6	1.9
195	2025	10	395	0	10	59.71	5.97
196	2025	10	396	0	10	40.63	4.06
196	2025	10	396	0	22	97.22	21.39
204	2025	10	404	0	10	45.1	4.51
203	2025	10	403	0	10	23.04	2.3
202	2025	10	402	0	10	27.99	2.8
201	2025	10	401	0	4	47.6	1.9
201	2025	10	401	0	10	37.24	3.72
200	2025	10	400	0	10	71.41	7.14
721	2025	10	540	0	4	49.5	1.98
721	2025	10	540	0	5	13.59	0.68
721	2025	10	540	0	10	87.34	8.73
721	2025	10	540	0	0	4.9	1.08
198	2025	10	398	0	10	44.85	4.49
197	2025	10	397	0	10	39.99	4
892	2025	10	723	0	10	155.5	15.55
892	2025	10	723	0	22	5	1.1
158	2025	10	358	0	10	150.5	15.05
158	2025	10	358	0	22	5	1.1
156	2025	10	356	0	10	60.5	6.05
156	2025	10	356	0	22	5	1.1
155	2025	10	355	0	10	23.5	2.35
150	2025	10	350	0	10	184.5	18.45
0	2025	20	170	2	22	641.8853	141.2148
0	2025	20	171	1	22	1666.123	366.5471
0	2025	20	171	1	0	208.63	0
0	2025	20	171	2	22	651.5574	143.3426
0	2025	20	172	1	22	977.3361	215.014
0	2025	20	172	1	0	201.85	0
0	2025	20	172	2	22	445.082	97.91805
0	2025	20	173	1	22	923.8607	203.2494
0	2025	20	173	1	0	191.19	0
0	2025	20	173	2	22	449.0164	98.78362
0	2025	20	174	1	22	821.9672	180.8328
0	2025	20	174	1	0	260.8	0
0	2025	20	174	2	22	435.082	95.71804
0	2025	20	175	1	22	1242.197	273.2833
0	2025	20	175	1	0	194.22	0
0	2025	20	175	2	22	551.4754	121.3246
0	2025	20	176	1	22	1175.574	258.6263
0	2025	20	176	1	0	152.8	0
0	2025	20	176	2	22	499.0984	109.8017
0	2025	20	177	1	22	1837.139	404.1707
0	2025	20	177	1	0	246.04	0
0	2025	20	177	2	22	669.918	147.382
0	2025	20	178	1	22	1407.459	309.641
0	2025	20	178	1	0	209.15	0
0	2025	20	178	2	22	689.7541	151.7459
0	2025	20	179	1	22	1006.648	221.4625
0	2025	20	179	1	0	224.09	0
0	2025	20	179	2	22	589.3442	129.6557
486	2025	10	559	0	4	11.63	0.47
486	2025	10	559	0	22	0.16	0.04
487	2025	10	560	0	4	10.81	0.43
487	2025	10	560	0	5	0.95	0.05
487	2025	10	560	0	10	4.12	0.41
487	2025	10	560	0	0	2.48	0
150	2025	10	350	0	22	5	1.1
489	2025	10	546	0	10	166.25	16.63
490	2025	10	554	0	4	103.85	4.15
490	2025	10	554	0	10	436.45	43.65
490	2025	10	554	0	22	1.6	0.35
491	2025	10	562	0	4	27.53	1.1
491	2025	10	562	0	22	1.6	0.35
492	2025	10	553	0	10	103.02	10.3
493	2025	10	555	0	10	153.07	15.31
494	2025	10	557	0	10	360.1	36.01
495	2025	10	563	0	10	789.19	78.92
496	2025	10	564	0	22	234	51.48
497	2025	10	565	0	22	96.1	21.14
498	2025	10	566	0	22	202.6	44.57
499	2025	10	567	0	5	12	0.6
499	2025	10	567	0	22	197.3	43.41
500	2025	10	568	0	22	115.5	25.41
501	2025	10	569	0	22	75	16.5
502	2025	10	570	0	22	220.36	48.48
503	2025	10	571	0	22	81.74	17.98
727	2025	10	572	0	22	193.6	42.59
734	2025	10	573	0	22	135.9	29.9
735	2025	10	574	0	10	174	17.4
735	2025	10	574	0	22	5	1.1
736	2025	10	575	0	10	97.5	9.75
736	2025	10	575	0	22	5	1.1
738	2025	10	576	0	22	90	19.8
746	2025	10	577	0	22	27.48	6.05
747	2025	10	578	0	22	103.2	22.7
748	2025	10	579	0	22	132.91	29.24
749	2025	10	580	0	10	400	40
750	2025	10	581	0	22	493.16	108.5
751	2025	10	582	0	10	95	9.5
751	2025	10	582	0	22	5	1.1
752	2025	10	583	0	22	381.05	83.83
753	2025	10	584	0	22	298.74	65.72
754	2025	10	585	0	22	54.01	11.88
755	2025	10	586	0	4	14.31	0.57
755	2025	10	586	0	22	0.1	0.02
756	2025	10	587	0	10	153	15.3
756	2025	10	587	0	22	5	1.1
757	2025	10	588	0	10	4.09	0.41
758	2025	10	589	0	4	16.76	0.67
759	2025	10	590	0	4	11.97	0.48
760	2025	10	591	0	22	20.93	4.61
761	2025	10	592	0	22	31.26	6.88
762	2025	10	593	0	22	7.3	1.6
763	2025	10	594	0	4	3.08	0.12
764	2025	10	595	0	4	36.06	1.44
765	2025	10	596	0	22	5.25	1.15
766	2025	10	597	0	22	4.84	1.06
767	2025	10	598	0	4	2.21	0.09
768	2025	10	599	0	22	5.25	1.15
769	2025	10	600	0	22	10.7	2.35
770	2025	10	601	0	4	0.95	0.04
771	2025	10	602	0	4	19.23	0.77
772	2025	10	603	0	4	16.83	0.67
773	2025	10	604	0	22	19.95	4.39
774	2025	10	605	0	4	4.57	0.18
775	2025	10	606	0	22	820	180.4
776	2025	10	607	0	4	216	8.64
776	2025	10	607	0	22	1.3	0.29
777	2025	10	608	0	4	162	6.48
777	2025	10	608	0	22	1.3	0.29
778	2025	10	609	0	4	270	10.8
778	2025	10	609	0	22	1.3	0.29
779	2025	10	610	0	4	216	8.64
779	2025	10	610	0	22	1.3	0.29
780	2025	10	611	0	10	67.79	6.78
781	2025	10	612	0	10	42.5	4.25
782	2025	10	613	0	10	172.49	17.25
783	2025	10	614	0	10	151.12	15.11
784	2025	10	615	0	4	23.8	0.95
784	2025	10	615	0	10	13.4	1.34
785	2025	10	616	0	10	49.98	5
786	2025	10	617	0	4	49.5	1.98
786	2025	10	617	0	10	83.47	8.35
787	2025	10	618	0	4	37.44	1.5
787	2025	10	618	0	10	22.32	2.23
788	2025	10	619	0	4	47.6	1.9
788	2025	10	619	0	10	142.46	14.25
788	2025	10	619	0	22	13.52	2.97
789	2025	10	620	0	10	36.1	3.61
790	2025	10	621	0	4	47.4	1.9
790	2025	10	621	0	10	33.48	3.35
791	2025	10	622	0	4	49.5	1.98
791	2025	10	622	0	10	190.32	19.03
792	2025	10	623	0	10	31.7	3.17
541	2025	10	484	0	4	25.96	1.04
542	2025	10	485	0	22	16.02	3.52
619	2025	10	486	0	22	8.93	1.97
620	2025	10	487	0	22	20.11	4.43
621	2025	10	488	0	22	0.12	0.03
621	2025	10	488	0	4	38.31	1.53
622	2025	10	489	0	4	216	8.64
622	2025	10	489	0	22	1.3	0.29
623	2025	10	490	0	4	162	6.48
623	2025	10	490	0	22	1.3	0.29
624	2025	10	491	0	4	270	10.8
624	2025	10	491	0	22	1.3	0.29
625	2025	10	492	0	10	91.66	9.17
626	2025	10	493	0	10	204.19	20.42
627	2025	10	494	0	10	151.12	15.11
628	2025	10	495	0	10	41.78	4.18
629	2025	10	496	0	10	16.14	1.61
630	2025	10	497	0	4	47.6	1.9
631	2025	10	498	0	10	13.78	1.38
632	2025	10	499	0	4	49.5	1.98
632	2025	10	499	0	10	203.12	20.31
632	2025	10	499	0	22	4.9	1.08
633	2025	10	500	0	4	48	1.92
633	2025	10	500	0	10	22.8	2.28
634	2025	10	501	0	10	111.72	11.17
635	2025	10	502	0	4	23.8	0.95
635	2025	10	502	0	10	15.81	1.58
635	2025	10	502	0	22	10.55	2.32
636	2025	10	503	0	10	90.48	9.05
636	2025	10	503	0	22	13.52	2.97
637	2025	10	504	0	10	44.85	4.49
638	2025	10	505	0	4	23.8	0.95
638	2025	10	505	0	10	46.68	4.67
639	2025	10	506	0	10	41.47	4.15
640	2025	10	507	0	4	24.75	0.99
640	2025	10	507	0	10	83.52	8.35
640	2025	10	507	0	22	4.9	1.08
641	2025	10	508	0	4	28.8	1.15
641	2025	10	508	0	10	22.8	2.28
642	2025	10	509	0	10	89.7	8.97
643	2025	10	510	0	10	30.28	3.03
644	2025	10	511	0	10	13	1.3
645	2025	10	512	0	10	25.64	2.56
645	2025	10	512	0	22	5.95	1.31
646	2025	10	513	0	4	47.6	1.9
646	2025	10	513	0	10	26.07	2.61
646	2025	10	513	0	22	13.52	2.97
647	2025	10	514	0	10	55.25	5.53
648	2025	10	515	0	10	38.5	3.85
648	2025	10	515	0	22	88.6	19.49
649	2025	10	516	0	4	49.5	1.98
649	2025	10	516	0	10	203.07	20.31
650	2025	10	517	0	4	37.44	1.5
650	2025	10	517	0	10	22.32	2.23
651	2025	10	518	0	4	71.4	2.86
651	2025	10	518	0	10	19.2	1.92
651	2025	10	518	0	22	13.52	2.97
652	2025	10	519	0	10	60.98	6.1
653	2025	10	520	0	10	41.49	4.15
654	2025	10	521	0	22	83.7	18.41
655	2025	10	522	0	10	31.73	3.17
656	2025	10	523	0	10	57.5	5.75
705	2025	10	524	0	10	30	3
705	2025	10	524	0	22	119.92	26.38
706	2025	10	525	0	22	98.52	21.67
707	2025	10	526	0	4	100.88	4.04
708	2025	10	527	0	4	97	3.88
708	2025	10	527	0	10	25.71	2.57
709	2025	10	528	0	10	46	4.6
709	2025	10	528	0	22	98.52	21.67
710	2025	10	529	0	4	107.86	4.31
710	2025	10	529	0	10	25.71	2.57
711	2025	10	530	0	4	126.1	5.04
712	2025	10	531	0	10	21	2.1
712	2025	10	531	0	22	119.92	26.38
713	2025	10	532	0	4	75.66	3.03
714	2025	10	533	0	4	107.86	4.31
714	2025	10	533	0	10	25.71	2.57
715	2025	10	534	0	10	30	3
715	2025	10	534	0	22	119.92	26.38
716	2025	10	535	0	22	3055.92	672.3
716	2025	10	535	0	0	-0.22	0
717	2025	10	536	0	4	242.5	9.7
717	2025	10	536	0	10	308.42	30.84
717	2025	10	536	0	22	1.6	0.35
718	2025	10	537	0	10	114.36	11.44
718	2025	10	537	0	22	1.6	0.35
719	2025	10	538	0	4	135.41	5.42
719	2025	10	538	0	10	132.2	13.22
719	2025	10	538	0	22	1.6	0.35
720	2025	10	539	0	10	288.83	28.88
720	2025	10	539	0	22	1.6	0.35
162	2025	10	362	0	10	76.5	7.65
162	2025	10	362	0	22	5	1.1
893	2025	10	724	0	22	365.54	80.42
894	2025	10	725	0	22	107.98	23.76
722	2025	10	541	0	4	42.29	1.69
722	2025	10	541	0	10	207.16	20.72
722	2025	10	541	0	22	1.6	0.35
723	2025	10	542	0	4	715.44	28.62
723	2025	10	542	0	10	843.71	84.37
723	2025	10	542	0	22	1.6	0.35
724	2025	10	543	0	4	93.12	3.72
724	2025	10	543	0	10	62.56	6.26
724	2025	10	543	0	22	1.6	0.35
725	2025	10	544	0	10	249.94	24.99
726	2025	10	545	0	10	67.7	6.77
793	2025	10	624	0	4	47.6	1.9
728	2025	10	547	0	10	131.98	13.2
729	2025	10	548	0	10	47.18	4.72
730	2025	10	549	0	10	67.7	6.77
731	2025	10	550	0	10	67.7	6.77
732	2025	10	551	0	10	164.24	16.42
733	2025	10	552	0	10	67.7	6.77
793	2025	10	624	0	10	59.85	5.99
794	2025	10	625	0	10	36.1	3.61
795	2025	10	626	0	4	47.6	1.9
795	2025	10	626	0	10	23.08	2.31
796	2025	10	627	0	10	34.45	3.45
737	2025	10	556	0	10	520	52
797	2025	10	628	0	4	23.8	0.95
160	2025	10	360	0	22	186.42	41.01
154	2025	10	354	0	22	60.84	13.38
153	2025	10	353	0	22	352.83	77.62
168	2025	10	368	0	22	314.51	69.19
167	2025	10	367	0	22	36.61	8.05
166	2025	10	366	0	22	36.93	8.12
165	2025	10	365	0	22	262.2	57.68
895	2025	10	726	0	10	70	7
181	2025	10	381	0	22	0.12	0.03
181	2025	10	381	0	4	23.37	0.93
180	2025	10	380	0	22	33.08	7.28
179	2025	10	379	0	4	3.46	0.14
178	2025	10	378	0	4	25.96	1.04
177	2025	10	377	0	4	3.85	0.15
176	2025	10	376	0	4	15.58	0.62
174	2025	10	374	0	22	4.84	1.06
173	2025	10	373	0	4	28.56	1.14
172	2025	10	372	0	22	28.53	6.28
171	2025	10	371	0	4	28.56	1.14
170	2025	10	370	0	22	3.25	0.71
169	2025	10	369	0	4	38.85	1.55
896	2025	10	727	0	10	113.75	11.38
897	2025	10	728	0	4	1140.05	45.6
187	2025	10	387	0	4	162	6.48
187	2025	10	387	0	22	1.3	0.29
164	2025	10	364	0	22	2000	440
869	2025	10	700	0	4	49.5	1.98
869	2025	10	700	0	10	173.17	17.32
657	2025	10	318	0	22	3658.93	804.96
657	2025	10	318	0	0	0.69	0
657	2025	10	318	0	0	7.42	0
869	2025	10	700	0	22	4.9	1.08
872	2025	10	703	0	4	28.8	1.15
898	2025	10	729	0	22	223.81	49.24
954	2025	10	730	0	22	74.55	16.4
955	2025	10	731	0	22	375.39	82.59
956	2025	10	732	0	4	1252.5	50.1
957	2025	10	733	0	10	1606	160.6
958	2025	10	734	0	10	954	95.4
825	2025	10	656	0	10	30	3
825	2025	10	656	0	22	98.52	21.67
824	2025	10	655	0	10	51	5.1
824	2025	10	655	0	22	98.52	21.67
817	2025	10	648	0	10	30	3
817	2025	10	648	0	22	119.92	26.38
827	2025	10	658	0	22	816.78	179.69
827	2025	10	658	0	0	139.44	0
828	2025	10	659	0	0	139.44	0
821	2025	10	652	0	10	1606	160.6
820	2025	10	651	0	10	258.5	25.85
959	2025	10	735	0	10	77	7.7
960	2025	10	736	0	4	103.7	4.15
960	2025	10	736	0	10	25.71	2.57
961	2025	10	737	0	4	75.66	3.03
822	2025	10	653	0	4	103.7	4.15
822	2025	10	653	0	10	25.71	2.57
962	2025	10	738	0	4	126.1	5.04
963	2025	10	739	0	4	103.7	4.15
963	2025	10	739	0	10	25.71	2.57
815	2025	10	646	0	4	107.86	4.31
816	2025	10	647	0	4	100.88	4.04
676	2025	10	337	0	10	47.18	4.72
0	2025	20	59	1	10	2194.709	219.471
0	2025	20	59	1	0	376.68	0
0	2025	20	59	2	10	762.1818	76.2182
0	2025	20	60	1	10	1193.273	119.3273
0	2025	20	60	1	0	360.6	0
0	2025	20	60	2	10	789.9272	78.99274
0	2025	20	61	1	10	814.2545	81.42547
0	2025	20	61	1	0	470.52	0
0	2025	20	61	2	10	439.1818	43.91819
0	2025	20	62	1	10	1023.545	102.3546
0	2025	20	62	1	0	119.6	0
0	2025	20	62	2	10	449.2727	44.92728
0	2025	20	63	1	10	783.5454	78.35456
0	2025	20	63	1	0	359.2	0
0	2025	20	63	2	10	317.6364	31.76364
0	2025	20	64	1	10	753.7272	75.37274
0	2025	20	64	1	0	339.2	0
0	2025	20	64	2	10	426.6364	42.66365
0	2025	20	65	1	10	1029	102.9
0	2025	20	65	1	0	176.2	0
0	2025	20	65	2	10	406.9091	40.69092
0	2025	20	66	1	10	2176.818	217.6819
0	2025	20	66	1	0	521.2	0
0	2025	20	66	2	10	662.2727	66.22729
0	2025	20	67	1	10	1147.273	114.7273
0	2025	20	67	1	0	237.1	0
0	2025	20	67	2	10	821.0909	82.10911
0	2025	20	68	1	10	627.4	62.74001
0	2025	20	68	1	0	322.86	0
0	2025	20	68	2	10	404.7273	40.47274
0	2025	20	69	1	10	644.7272	64.47274
0	2025	20	69	1	0	407	0
0	2025	20	69	2	10	247.6364	24.76364
0	2025	20	69	2	0	6.8	0
0	2025	20	70	1	10	637.7272	63.77274
0	2025	20	70	1	0	362.6	0
0	2025	20	70	2	10	341.0909	34.1091
0	2025	20	71	1	10	688.5454	68.85456
0	2025	20	71	1	0	260.8	0
0	2025	20	71	2	10	333.6364	33.36364
0	2025	20	72	1	10	766.7272	76.67274
0	2025	20	72	1	0	162.7	0
0	2025	20	72	2	10	359.4545	35.94546
0	2025	20	73	1	10	2163.636	216.3637
0	2025	20	73	1	0	309.2	0
0	2025	20	73	2	10	637.7272	63.77274
0	2025	20	74	1	10	1374	137.4
0	2025	20	74	1	0	273.1	0
0	2025	20	74	2	10	631.9091	63.19092
0	2025	20	75	1	10	789.7272	78.97275
0	2025	20	75	1	0	211.9	0
0	2025	20	75	2	10	346.1818	34.61819
0	2025	20	76	1	10	642.2727	64.22729
0	2025	20	76	1	0	259.2	0
0	2025	20	76	2	10	388.6364	38.86364
0	2025	20	77	1	10	638.4545	63.84547
0	2025	20	77	1	0	329.3	0
0	2025	20	77	2	10	281.9091	28.19092
0	2025	20	77	2	0	122.1	0
0	2025	20	78	1	10	758.3636	75.83638
0	2025	20	78	1	0	276.5	0
0	2025	20	78	2	10	298.8182	29.88182
0	2025	20	79	1	10	1068.545	106.8546
0	2025	20	79	1	0	214.6	0
0	2025	20	79	2	10	409	40.90001
0	2025	20	80	1	10	2002.364	200.2364
0	2025	20	80	1	0	499.2	0
0	2025	20	80	2	10	823.0909	82.30911
0	2025	20	81	1	10	1625.5	162.55
0	2025	20	81	1	0	142.25	0
0	2025	20	81	2	10	807.1818	80.7182
0	2025	20	82	1	10	680.4545	68.04547
0	2025	20	82	1	0	245.6	0
0	2025	20	82	2	10	336.7273	33.67273
0	2025	20	83	1	10	648.1818	64.8182
0	2025	20	83	1	0	210.2	0
0	2025	20	83	2	10	331.7273	33.17273
0	2025	20	84	1	10	637.9091	63.79092
0	2025	20	84	1	0	326.9	0
0	2025	20	84	2	10	360.1818	36.01819
0	2025	20	85	1	10	900.6454	90.06457
0	2025	20	85	1	0	204.99	0
0	2025	20	85	2	10	477.6364	47.76365
0	2025	20	86	1	10	903.4545	90.34547
0	2025	20	86	1	0	206.3	0
0	2025	20	86	2	10	384.8182	38.48183
0	2025	20	87	1	10	2051.818	205.1819
0	2025	20	87	1	0	325.4	0
0	2025	20	87	2	10	675.2727	67.52729
0	2025	20	88	1	10	1369	136.9
0	2025	20	88	1	0	346.6	0
0	2025	20	88	2	10	777.7272	77.77274
0	2025	20	89	1	10	718.8182	71.88184
0	2025	20	89	1	0	293.7	0
0	2025	20	89	2	10	311.5454	31.15455
138	2025	10	338	0	22	5367.63	1180.88
139	2025	10	339	0	22	44	9.68
140	2025	10	340	0	22	84.83	18.66
141	2025	10	341	0	22	360.6	79.33
818	2025	10	649	0	4	100.88	4.04
819	2025	10	650	0	4	71.78	2.87
819	2025	10	650	0	10	25.71	2.57
823	2025	10	654	0	4	75.66	3.03
964	2025	10	740	0	4	3839.8	153.59
814	2025	10	645	0	4	39	1.56
814	2025	10	645	0	10	150.6	15.06
814	2025	10	645	0	22	4.95	1.09
813	2025	10	644	0	4	47.4	1.9
813	2025	10	644	0	10	33.48	3.35
811	2025	10	642	0	4	47.6	1.9
151	2025	10	351	0	4	8.01	0.32
151	2025	10	351	0	22	0.1	0.02
152	2025	10	352	0	22	3000	660
811	2025	10	642	0	10	35.34	3.53
810	2025	10	641	0	4	47.6	1.9
810	2025	10	641	0	10	24.58	2.46
810	2025	10	641	0	22	13.52	2.97
809	2025	10	640	0	10	34.45	3.45
157	2025	10	357	0	4	9.15	0.37
157	2025	10	357	0	22	0.1	0.02
808	2025	10	639	0	10	10.14	1.01
807	2025	10	638	0	4	24.75	0.99
159	2025	10	359	0	4	9.15	0.37
159	2025	10	359	0	22	0.1	0.02
807	2025	10	638	0	10	151.7	15.17
161	2025	10	361	0	22	339.5	74.69
807	2025	10	638	0	22	4.95	1.09
806	2025	10	637	0	4	47.4	1.9
163	2025	10	363	0	4	11.44	0.46
806	2025	10	637	0	10	33.48	3.35
805	2025	10	636	0	10	29.9	2.99
804	2025	10	635	0	10	22.32	2.23
803	2025	10	634	0	4	23.8	0.95
802	2025	10	633	0	10	36.1	3.61
801	2025	10	632	0	4	23.8	0.95
801	2025	10	632	0	10	41.12	4.11
800	2025	10	631	0	10	22.32	2.23
799	2025	10	630	0	4	24.75	0.99
799	2025	10	630	0	10	166.1	16.61
798	2025	10	629	0	4	28.44	1.14
175	2025	10	375	0	22	18.85	4.15
798	2025	10	629	0	10	22.32	2.23
797	2025	10	628	0	10	34.35	3.44
797	2025	10	628	0	22	13.52	2.97
965	2025	10	741	0	22	88.49	19.47
966	2025	10	742	0	22	258.32	56.83
833	2025	10	664	0	4	200.13	8.01
833	2025	10	664	0	10	465.68	46.57
182	2025	10	382	0	22	16750	3685
183	2025	10	383	0	4	216	8.64
183	2025	10	383	0	22	1.3	0.29
184	2025	10	384	0	4	216	8.64
184	2025	10	384	0	22	1.3	0.29
185	2025	10	385	0	4	162	6.48
185	2025	10	385	0	22	1.3	0.29
186	2025	10	386	0	4	270	10.8
186	2025	10	386	0	22	1.3	0.29
833	2025	10	664	0	22	1.6	0.35
831	2025	10	662	0	4	15	0.6
831	2025	10	662	0	10	170.22	17.02
831	2025	10	662	0	22	1.6	0.35
829	2025	10	660	0	4	135.41	5.42
191	2025	10	391	0	22	590	129.8
192	2025	10	392	0	22	160	35.2
193	2025	10	393	0	22	160	35.2
829	2025	10	660	0	10	368.78	36.88
829	2025	10	660	0	22	1.6	0.35
837	2025	10	668	0	4	27.53	1.1
837	2025	10	668	0	10	243.91	24.39
837	2025	10	668	0	22	1.6	0.35
835	2025	10	666	0	10	120.48	12.05
835	2025	10	666	0	22	1.6	0.35
834	2025	10	665	0	4	162.94	6.52
199	2025	10	399	0	4	37.44	1.5
199	2025	10	399	0	10	111.3	11.13
834	2025	10	665	0	10	299.13	29.91
834	2025	10	665	0	22	1.6	0.35
967	2025	10	743	0	22	1.23	0.27
967	2025	10	743	0	4	33.65	1.35
968	2025	10	744	0	10	103.25	10.33
969	2025	10	745	0	4	1010.1	40.4
970	2025	10	746	0	10	132.55	13.26
848	2025	10	679	0	10	101.4	10.14
846	2025	10	677	0	10	88.22	8.82
845	2025	10	676	0	10	67.7	6.77
844	2025	10	675	0	10	67.7	6.77
841	2025	10	672	0	10	88.22	8.82
840	2025	10	671	0	10	80.88	8.09
836	2025	10	667	0	10	126.51	12.65
847	2025	10	678	0	10	116.19	11.62
847	2025	10	678	0	22	196.36	43.2
843	2025	10	674	0	10	164.24	16.42
838	2025	10	669	0	10	299.88	29.99
971	2025	10	747	0	4	162	6.48
971	2025	10	747	0	22	1.3	0.29
972	2025	10	748	0	10	64	6.4
972	2025	10	748	0	22	112.72	24.8
973	2024	10	1	0	0	672	0
974	2024	10	2	0	10	1971.72	197.17
975	2024	10	3	0	10	520	52
976	2024	10	4	0	4	662.55	26.5
979	2024	10	7	0	4	1350.7	54.03
980	2024	10	8	0	22	193.6	42.59
981	2024	10	9	0	22	93.1	20.48
982	2024	10	10	0	22	204.6	45.01
983	2024	10	11	0	5	6	0.3
812	2025	10	643	0	10	36.1	3.61
983	2024	10	11	0	22	195.9	43.1
984	2024	10	12	0	5	18	0.9
984	2024	10	12	0	22	363.6	79.99
985	2024	10	13	0	5	9	0.45
985	2024	10	13	0	22	84.46	18.58
986	2024	10	14	0	22	266.3	58.59
987	2024	10	15	0	5	7	0.35
987	2024	10	15	0	22	198.16	43.6
988	2024	10	16	0	5	9	0.45
988	2024	10	16	0	22	173.3	38.13
989	2024	10	17	0	5	9	0.45
989	2024	10	17	0	22	55.6	12.23
990	2024	10	18	0	22	44.87	9.87
991	2024	10	19	0	4	4377	175.08
991	2024	10	19	0	10	30	3
1047	2024	10	20	0	10	144	14.4
1048	2024	10	21	0	10	226	22.6
1048	2024	10	21	0	22	5	1.1
1049	2024	10	22	0	22	220.8	48.58
1050	2024	10	23	0	22	215.58	47.43
1051	2024	10	24	0	22	52.96	11.65
826	2025	10	657	0	22	3080.93	677.8
826	2025	10	657	0	0	0.26	0
826	2025	10	657	0	0	2.01	0
1052	2024	10	25	0	22	201.66	44.37
1053	2024	10	26	0	22	114.81	25.26
1054	2024	10	27	0	22	31.4	6.91
1055	2024	10	28	0	22	433.42	95.35
1056	2024	10	29	0	10	78	7.8
1057	2024	10	30	0	10	54	5.4
830	2025	10	661	0	4	698.82	27.95
830	2025	10	661	0	10	565.4	56.54
830	2025	10	661	0	22	110.38	24.28
1057	2024	10	30	0	22	5	1.1
1058	2024	10	31	0	10	40	4
1059	2024	10	32	0	10	60	6
832	2025	10	663	0	4	736.37	29.45
832	2025	10	663	0	10	1035.46	103.55
832	2025	10	663	0	22	38.84	8.54
1059	2024	10	32	0	22	5	1.1
1060	2024	10	33	0	22	86.46	19.02
1061	2024	10	34	0	22	108.24	23.81
1062	2024	10	35	0	22	164.12	36.11
1063	2024	10	36	0	22	76.05	16.73
1064	2024	10	37	0	22	304.38	66.96
1065	2024	10	38	0	22	981.16	215.86
1066	2024	10	39	0	10	63	6.3
1067	2024	10	40	0	10	63	6.3
1068	2024	10	41	0	22	15.13	3.33
1069	2024	10	42	0	22	11.89	2.61
1070	2024	10	43	0	4	5.19	0.21
1071	2024	10	1513	0	4	100	4
839	2025	10	670	0	4	206.44	8.26
839	2025	10	670	0	10	111.89	11.19
839	2025	10	670	0	22	1.6	0.35
1072	2024	10	45	0	4	96	3.84
1073	2024	10	46	0	22	15000	3300
842	2025	10	673	0	10	112.03	11.2
1074	2024	10	47	0	22	40.4	8.89
1075	2024	10	48	0	4	216	8.64
1075	2024	10	48	0	22	1	0.22
1076	2024	10	49	0	4	270	10.8
1076	2024	10	49	0	22	1	0.22
1077	2024	10	50	0	4	216	8.64
1077	2024	10	50	0	22	1	0.22
849	2025	10	680	0	4	212.43	8.5
849	2025	10	680	0	10	25.71	2.57
850	2025	10	681	0	4	78.57	3.14
851	2025	10	682	0	22	40.98	9.02
852	2025	10	683	0	4	3591.2	143.65
853	2025	10	684	0	22	125.64	27.64
854	2025	10	685	0	22	302.25	66.5
855	2025	10	686	0	22	73.34	16.13
856	2025	10	687	0	10	171.5	17.15
857	2025	10	688	0	4	1496.8	59.87
858	2025	10	689	0	10	298.14	29.81
859	2025	10	690	0	4	100.88	4.04
860	2025	10	691	0	4	199.82	7.99
860	2025	10	691	0	10	51.41	5.14
861	2025	10	692	0	4	3106.4	124.26
862	2025	10	693	0	10	39.52	3.95
863	2025	10	694	0	4	23.8	0.95
863	2025	10	694	0	10	24.96	2.5
864	2025	10	695	0	22	176.36	38.8
865	2025	10	696	0	10	119.11	11.91
865	2025	10	696	0	22	1.6	0.35
866	2025	10	697	0	10	129.5	12.95
867	2025	10	698	0	4	1123.4	44.94
868	2025	10	699	0	10	173.31	17.33
1078	2024	10	51	0	4	216	8.64
1078	2024	10	51	0	22	1	0.22
1079	2024	10	52	0	10	31.58	3.16
870	2025	10	701	0	10	45.45	4.55
871	2025	10	702	0	4	23.8	0.95
871	2025	10	702	0	10	59.85	5.99
1080	2024	10	53	0	10	87.5	8.75
0	2024	20	49	2	10	333.9091	33.39091
0	2024	20	50	1	10	816.7181	81.67184
0	2024	20	50	1	0	370.11	0
0	2024	20	50	2	10	445.4545	44.54546
0	2024	20	51	1	10	921.9091	92.19093
0	2024	20	51	1	0	251	0
0	2024	20	51	2	10	349.8182	34.98183
0	2024	20	51	2	0	0.7	0
0	2024	20	52	1	10	996.5454	99.65456
0	2024	20	52	1	0	142.5	0
0	2024	20	52	2	10	436.8182	43.68183
0	2024	20	52	2	0	0.2	0
0	2024	20	53	1	10	1050.182	105.0182
0	2024	20	53	1	0	235	0
0	2024	20	53	2	10	457.1818	45.71819
0	2024	20	54	1	10	1933.782	193.3782
0	2024	20	54	1	0	170.44	0
0	2024	20	54	2	10	635.9091	63.59092
0	2024	20	55	1	10	1613.091	161.3091
0	2024	20	55	1	0	324.9	0
0	2024	20	55	2	10	1088.909	108.8909
0	2024	20	56	1	10	744.8182	74.48183
0	2024	20	56	1	0	252.75	0
0	2024	20	56	2	10	337	33.70001
0	2024	20	57	1	10	944.5909	94.45911
0	2024	20	57	1	0	150.55	0
0	2024	20	57	2	10	318.7273	31.87273
0	2024	20	57	2	0	17.1	0
0	2024	20	58	1	10	717.7272	71.77274
0	2024	20	58	1	0	222.7	0
0	2024	20	58	2	10	371.3636	37.13637
0	2024	20	59	1	10	772.1182	77.21184
0	2024	20	59	1	0	214.97	0
0	2024	20	59	2	10	490.0909	49.0091
0	2024	20	85	1	10	1310.182	131.0182
0	2024	20	60	1	10	956.4727	95.64729
0	2024	20	60	1	0	420.38	0
0	2024	20	60	2	10	431.6182	43.16183
0	2024	20	60	2	0	0.72	0
0	2024	20	61	1	10	1922.091	192.2091
0	2024	20	61	1	0	386.7	0
0	2024	20	61	2	10	863.4545	86.34547
0	2024	20	61	2	0	5.72	0
0	2024	20	62	1	10	1900.518	190.0519
0	2024	20	62	1	0	134.07	0
0	2024	20	62	2	10	905.9091	90.59093
0	2024	20	62	2	0	1.5	0
0	2024	20	63	1	10	746.7	74.67001
0	2024	20	63	1	0	146.03	0
0	2024	20	63	2	10	390	39.00001
0	2024	20	63	2	0	0.3	0
0	2024	20	64	1	10	785.9091	78.59093
0	2024	20	64	1	0	250.9	0
0	2024	20	64	2	10	377.6364	37.76365
0	2024	20	64	2	0	3.9	0
0	2024	20	65	1	10	775.4545	77.54547
0	2024	20	65	1	0	314.7	0
0	2024	20	65	2	10	321.4545	32.14546
0	2024	20	5	1	10	1967.564	196.7564
0	2024	20	66	1	10	803.1818	80.3182
0	2024	20	66	1	0	124.4	0
0	2024	20	66	2	10	252.6364	25.26364
0	2024	20	66	2	0	0.4	0
0	2024	20	67	1	10	1138.727	113.8727
0	2024	20	67	1	0	397.3	0
0	2024	20	67	2	10	345.8182	34.58183
0	2024	20	67	2	0	2.1	0
0	2024	20	68	1	10	2298.8	229.8801
0	2024	20	68	1	0	116.74	0
0	2024	20	68	2	10	732	73.20001
0	2024	20	68	2	0	2.8	0
0	2024	20	69	1	10	1456.827	145.6828
0	2024	20	69	1	0	171.89	0
0	2024	20	69	2	10	793.9091	79.39092
0	2024	20	70	1	10	749.7	74.97002
0	2024	20	70	1	0	228.13	0
0	2024	20	70	2	10	318.7455	31.87455
0	2024	20	70	2	0	11.33	0
0	2024	20	71	1	10	705.5636	70.55638
0	2024	20	71	1	0	334.35	0
0	2024	20	71	2	10	326.1818	32.61819
0	2024	20	71	2	0	3.8	0
0	2024	20	72	1	10	1041.309	104.1309
0	2024	20	72	1	0	142.46	0
0	2024	20	72	2	10	409.1818	40.91819
0	2024	20	72	2	0	0.6	0
0	2024	20	73	1	10	802.4545	80.24547
0	2024	20	73	1	0	657.95	0
0	2024	20	73	2	10	422.2727	42.22728
0	2024	20	74	1	10	1185.4	118.54
0	2024	20	74	1	0	294.45	0
0	2024	20	74	2	10	513.3636	51.33638
0	2024	20	74	2	0	4.95	0
0	2024	20	75	1	10	2352.364	235.2364
0	2024	20	75	1	0	485.5	0
0	2024	20	75	2	10	1426.273	142.6273
0	2024	20	76	1	10	1965.491	196.5491
0	2024	20	76	1	0	181.49	0
0	2024	20	76	2	10	763.1818	76.3182
0	2024	20	76	2	0	0.05	0
0	2024	20	77	1	10	615.6091	61.56092
0	2024	20	77	1	0	279.53	0
0	2024	20	77	2	10	291.1818	29.11819
0	2024	20	78	1	10	944.4818	94.4482
0	2024	20	78	1	0	192.17	0
0	2024	20	78	2	10	420.6364	42.06364
0	2024	20	78	2	0	2.9	0
0	2024	20	79	1	10	1202.818	120.2818
0	2024	20	79	1	0	201.5	0
0	2024	20	79	2	10	345.5454	34.55455
0	2024	20	79	2	0	4.3	0
0	2024	20	80	1	10	2159	215.9
0	2024	20	80	1	0	121.9	0
0	2024	20	80	2	10	782.3636	78.23638
0	2024	20	80	2	0	0.65	0
0	2024	20	81	1	10	1011	101.1
0	2024	20	81	1	0	216.7	0
0	2024	20	81	2	10	730.6364	73.06365
0	2024	20	117	1	10	1305.227	130.5228
0	2024	20	82	1	10	757	75.70002
0	2024	20	82	1	0	223.6	0
0	2024	20	82	2	10	335.6364	33.56364
0	2024	20	83	1	10	1039.127	103.9128
0	2024	20	83	1	0	227.06	0
0	2024	20	83	2	10	344.9091	34.49092
0	2024	20	84	1	10	970.0636	97.00639
0	2024	20	84	1	0	298.33	0
0	2024	20	84	2	10	435.4545	43.54546
0	2024	20	85	1	0	321.9	0
0	2024	20	85	2	10	599	59.90001
0	2024	20	117	1	0	33.5	0
0	2024	20	86	1	10	1407.318	140.7318
0	2024	20	86	1	0	344.33	0
0	2024	20	86	2	10	523.0909	52.3091
0	2024	20	87	1	10	2184.909	218.491
0	2024	20	87	1	0	199.2	0
0	2024	20	87	2	10	652.3636	65.23638
0	2024	20	88	1	10	887.1818	88.7182
0	2024	20	88	1	0	444.1	0
0	2024	20	88	2	10	780.5454	78.05457
0	2024	20	89	1	10	1646	164.6
0	2024	20	89	1	0	359.5	0
0	2024	20	89	2	10	587	58.70001
0	2024	20	89	2	0	1.1	0
0	2024	20	90	1	10	992.2545	99.22548
0	2024	20	90	1	0	108.76	0
0	2024	20	90	2	10	389.5454	38.95456
0	2024	20	91	1	10	790.0454	79.00456
0	2024	20	91	1	0	164.5	0
0	2024	20	91	2	10	289.7273	28.97273
0	2024	20	91	2	0	0.8	0
0	2024	20	92	1	10	801.0909	80.10911
0	2024	20	92	1	0	338.5	0
0	2024	20	92	2	10	275.3636	27.53637
0	2024	20	93	1	10	1973.5	197.35
0	2024	20	93	1	0	129.15	0
0	2024	20	93	2	10	682.1818	68.21819
0	2024	20	93	2	0	2.3	0
0	2024	20	94	1	10	1773.091	177.3091
0	2024	20	94	1	0	231.9	0
0	2024	20	94	2	10	703.7272	70.37274
0	2024	20	94	2	0	1.7	0
0	2024	20	95	1	10	789.0909	78.90911
0	2024	20	95	1	0	313.8	0
0	2024	20	95	2	10	291	29.10001
0	2024	20	95	2	0	1.4	0
0	2024	20	96	1	10	916.1818	91.6182
0	2024	20	96	1	0	147.1	0
0	2024	20	96	2	10	259.1818	25.91819
0	2024	20	96	2	0	12.7	0
0	2024	20	97	1	10	681.8182	68.18183
0	2024	20	97	1	0	340.8	0
0	2024	20	97	2	10	332.1818	33.21819
0	2024	20	98	1	10	859.1818	85.9182
0	2024	20	98	1	0	267.2	0
0	2024	20	98	2	10	393.6364	39.36364
0	2024	20	99	1	10	1067.064	106.7064
0	2024	20	99	1	0	219.4	0
0	2024	20	99	2	10	327	32.70001
0	2024	20	99	2	0	12.4	0
0	2024	20	100	1	10	2160	216
0	2024	20	100	1	0	162.6	0
0	2024	20	100	2	10	598.4545	59.84547
0	2024	20	101	1	10	1928.382	192.8382
0	2024	20	101	1	0	150.48	0
0	2024	20	101	2	10	593.7272	59.37274
0	2024	20	101	2	0	3	0
0	2024	20	102	1	10	653.6727	65.36729
0	2024	20	102	1	0	312.46	0
0	2024	20	102	2	10	324.4545	32.44546
0	2024	20	103	1	10	871.5091	87.15092
0	2024	20	103	1	0	194.74	0
0	2024	20	103	2	10	320.2727	32.02728
0	2024	20	104	1	10	852.1818	85.2182
0	2024	20	104	1	0	222.5	0
0	2024	20	104	2	10	310.7273	31.07273
0	2024	20	104	2	0	10.3	0
0	2024	20	105	1	10	939	93.90002
0	2024	20	105	1	0	119.1	0
0	2024	20	105	2	10	359.1818	35.91819
0	2024	20	106	1	10	997.5909	99.75911
0	2024	20	106	1	0	125.56	0
0	2024	20	106	2	10	391.5454	39.15455
0	2024	20	107	1	10	2332.682	233.2682
0	2024	20	107	1	0	239.35	0
0	2024	20	107	2	10	887.5454	88.75456
0	2024	20	107	2	0	6.8	0
0	2024	20	108	1	10	1559.682	155.9682
0	2024	20	108	1	0	202.75	0
0	2024	20	108	2	10	616.2727	61.62729
0	2024	20	109	1	10	799	79.90002
0	2024	20	109	1	0	157	0
0	2024	20	109	2	10	342.9091	34.29092
0	2024	20	109	2	0	2.4	0
0	2024	20	110	1	10	743.2727	74.32729
0	2024	20	110	1	0	291.1	0
0	2024	20	110	2	10	341.1818	34.11819
0	2024	20	111	1	10	1142.273	114.2273
0	2024	20	111	1	0	176.5	0
0	2024	20	111	2	10	476	47.60001
0	2024	20	112	1	10	1990.7	199.07
0	2024	20	112	1	0	263.53	0
0	2024	20	112	2	10	1027.273	102.7273
0	2024	20	113	1	10	1245.182	124.5182
0	2024	20	113	1	0	106.8	0
0	2024	20	113	2	10	466.3818	46.63819
0	2024	20	113	2	0	0.18	0
0	2024	20	114	1	10	2009.818	200.9819
0	2024	20	114	1	0	111.4	0
0	2024	20	114	2	10	679.6364	67.96365
0	2024	20	114	2	0	6.23	0
0	2024	20	115	1	10	1622.827	162.2828
0	2024	20	115	1	0	243.39	0
0	2024	20	115	2	10	800.6182	80.06184
0	2024	20	116	1	10	1080.636	108.0637
0	2024	20	116	1	0	120	0
0	2024	20	116	2	10	440.8182	44.08183
0	2024	20	116	2	0	2	0
0	2024	20	117	2	10	460.4545	46.04546
0	2024	20	151	1	10	948.9091	94.89093
0	2024	20	151	1	0	110	0
0	2024	20	151	2	10	412.3636	41.23637
0	2024	20	118	1	10	1770.727	177.0728
0	2024	20	118	1	0	319.9	0
0	2024	20	118	2	10	895.0909	89.50911
0	2024	20	119	1	10	1012.745	101.2746
0	2024	20	119	1	0	165.47	0
0	2024	20	119	2	10	476.8182	47.68183
0	2024	20	119	2	0	0.6	0
0	2024	20	120	1	10	1030.491	103.0491
0	2024	20	120	1	0	209.66	0
0	2024	20	120	2	10	515.7272	51.57274
0	2024	20	120	2	0	0.5	0
0	2024	20	121	1	10	1853.682	185.3682
0	2024	20	121	1	0	162.75	0
0	2024	20	121	2	10	649.4545	64.94547
0	2024	20	122	1	10	1782.636	178.2637
0	2024	20	122	1	0	211.7	0
0	2024	20	122	2	10	590.5455	59.05456
0	2024	20	122	2	0	14.18	0
0	2024	20	123	1	10	1029.645	102.9646
0	2024	20	123	1	0	127.79	0
0	2024	20	123	2	10	396.3636	39.63637
0	2024	20	123	2	0	0.7	0
0	2024	20	124	1	10	1035.2	103.52
0	2024	20	124	1	0	175.68	0
0	2024	20	124	2	10	387.7273	38.77274
0	2024	20	124	2	0	0.9	0
0	2024	20	125	1	10	986.9363	98.69366
0	2024	20	125	1	0	177.27	0
0	2024	20	125	2	10	428	42.80001
0	2024	20	125	2	0	3.35	0
0	2024	20	126	1	10	839.3091	83.93093
0	2024	20	126	1	0	103.76	0
0	2024	20	126	2	10	325.2727	32.52728
0	2024	20	126	2	0	1.2	0
0	2024	20	127	1	10	1162.645	116.2646
0	2024	20	127	1	0	165.99	0
0	2024	20	127	2	10	448	44.80001
0	2024	20	127	2	0	3.5	0
0	2024	20	128	1	10	2185.818	218.5819
0	2024	20	128	1	0	103.8	0
0	2024	20	128	2	10	727.3636	72.73638
0	2024	20	128	2	0	1.25	0
0	2024	20	129	1	10	1371.818	137.1819
0	2024	20	129	1	0	279.6	0
0	2024	20	129	2	10	596.6364	59.66365
0	2024	20	129	2	0	1.7	0
0	2024	20	130	1	10	858.6364	85.86366
0	2024	20	130	1	0	277.6	0
0	2024	20	130	2	10	323.4545	32.34546
0	2024	20	130	2	0	1.3	0
0	2024	20	131	1	10	850.5818	85.0582
0	2024	20	131	1	0	51.96	0
0	2024	20	131	2	10	392.2727	39.22728
0	2024	20	131	2	0	3.6	0
0	2024	20	132	1	10	816.7272	81.67274
0	2024	20	132	1	0	240.7	0
0	2024	20	132	2	10	287.4545	28.74546
0	2024	20	132	2	0	3.3	0
0	2024	20	133	1	10	847.2	84.72002
0	2024	20	133	1	0	76.88	0
0	2024	20	133	2	10	318.0909	31.8091
0	2024	20	134	1	10	1162.364	116.2364
0	2024	20	134	1	0	251.2	0
0	2024	20	134	2	10	441.6364	44.16365
0	2024	20	134	2	0	6.7	0
0	2024	20	135	1	10	2176.727	217.6728
0	2024	20	135	1	0	445.34	0
0	2024	20	135	2	10	920.4545	92.04547
0	2024	20	135	2	0	4.46	0
0	2024	20	136	1	10	1950	195
0	2024	20	136	1	0	251.3	0
0	2024	20	136	2	10	762.7272	76.27274
0	2024	20	137	1	10	961.6364	96.16366
0	2024	20	137	1	0	23.3	0
0	2024	20	137	2	10	332.9091	33.29092
0	2024	20	137	2	0	1.7	0
0	2024	20	138	1	10	914.6636	91.46638
0	2024	20	138	1	0	287.37	0
0	2024	20	138	2	10	443	44.30001
0	2024	20	139	1	10	996.3636	99.63638
0	2024	20	139	1	0	186.8	0
0	2024	20	139	2	10	367.4545	36.74546
0	2024	20	139	2	0	3.8	0
0	2024	20	140	1	10	1057.418	105.7418
0	2024	20	140	1	0	85.28	0
0	2024	20	140	2	10	273.1818	27.31819
0	2024	20	140	2	0	1.5	0
0	2024	20	141	1	10	1201.636	120.1637
0	2024	20	141	1	0	172.3	0
0	2024	20	141	2	10	360.7273	36.07273
0	2024	20	141	2	0	3.4	0
0	2024	20	142	1	10	2712.427	271.2428
0	2024	20	142	1	0	264.33	0
0	2024	20	142	2	10	851.7272	85.17274
0	2024	20	142	2	0	21	0
0	2024	20	143	1	10	1585.091	158.5091
0	2024	20	143	1	0	127	0
0	2024	20	143	2	10	578	57.80001
0	2024	20	144	1	10	675.0909	67.5091
0	2024	20	144	1	0	135.9	0
0	2024	20	144	2	10	350.3636	35.03637
0	2024	20	144	2	0	2	0
0	2024	20	145	1	10	870.4545	87.04547
0	2024	20	145	1	0	107.5	0
0	2024	20	145	2	10	383.2727	38.32728
0	2024	20	146	1	10	620.5455	62.05456
0	2024	20	146	1	0	155.1	0
0	2024	20	146	2	10	284.3636	28.43637
0	2024	20	146	2	0	1.4	0
0	2024	20	147	1	10	769.6364	76.96365
0	2024	20	147	1	0	86.6	0
0	2024	20	147	2	10	263.7273	26.37273
0	2024	20	147	2	0	1	0
0	2024	20	148	1	10	1281.182	128.1182
0	2024	20	148	1	0	170.9	0
0	2024	20	148	2	10	480	48.00001
0	2024	20	148	2	0	30.35	0
0	2024	20	149	1	10	1772.182	177.2182
0	2024	20	149	1	0	171.3	0
0	2024	20	149	2	10	554.5455	55.45456
0	2024	20	149	2	0	1.7	0
0	2024	20	150	1	10	1587.727	158.7728
0	2024	20	150	1	0	46.3	0
0	2024	20	150	2	10	692.7272	69.27274
1081	2024	10	54	0	10	22.8	2.28
1082	2024	10	55	0	4	53.4	2.14
1082	2024	10	55	0	10	55.8	5.58
1082	2024	10	55	0	22	13.53	2.98
1083	2024	10	56	0	10	42.82	4.28
1084	2024	10	57	0	10	39.8	3.98
1084	2024	10	57	0	22	77.7	17.09
1085	2024	10	58	0	10	91.55	9.16
1086	2024	10	59	0	10	99	9.9
1087	2024	10	60	0	4	107.1	4.28
1087	2024	10	60	0	5	11.5	0.58
1087	2024	10	60	0	10	27.9	2.79
1088	2024	10	61	0	10	22.8	2.28
1089	2024	10	62	0	10	102.7	10.27
1090	2024	10	63	0	10	53.06	5.31
1091	2024	10	64	0	10	99	9.9
1092	2024	10	65	0	10	138.98	13.9
1093	2024	10	66	0	4	98.15	3.93
1093	2024	10	66	0	10	27.9	2.79
1093	2024	10	66	0	22	9.54	2.1
1094	2024	10	67	0	10	39.8	3.98
1094	2024	10	67	0	22	10.98	2.42
1095	2024	10	68	0	10	22.8	2.28
1096	2024	10	69	0	4	75.78	3.03
1096	2024	10	69	0	10	55.8	5.58
1096	2024	10	69	0	22	3.99	0.88
1097	2024	10	70	0	10	75.95	7.6
1098	2024	10	71	0	10	22.8	2.28
1099	2024	10	72	0	10	82.2	8.22
1100	2024	10	73	0	10	45.6	4.56
1101	2024	10	74	0	10	75	7.5
1102	2024	10	75	0	10	45.88	4.59
1103	2024	10	76	0	10	22.8	2.28
1104	2024	10	77	0	4	98.15	3.93
1104	2024	10	77	0	10	41.85	4.19
1104	2024	10	77	0	22	13.53	2.98
1105	2024	10	78	0	10	74.97	7.5
1106	2024	10	79	0	10	99	9.9
1107	2024	10	80	0	22	34.5	7.59
1108	2024	10	81	0	10	62.34	6.23
1110	2024	10	83	0	4	112	4.48
1111	2024	10	84	0	10	12.82	1.28
1111	2024	10	84	0	22	87.12	19.17
1112	2024	10	85	0	4	331.5	13.26
1113	2024	10	86	0	4	112	4.48
1114	2024	10	87	0	10	33.82	3.38
1114	2024	10	87	0	22	87.12	19.17
1115	2024	10	88	0	4	112	4.48
1116	2024	10	89	0	10	12.82	1.28
1116	2024	10	89	0	22	106.32	23.39
1117	2024	10	90	0	4	414.5	16.58
1118	2024	10	91	0	10	665.25	66.53
1119	2024	10	92	0	4	275.5	11.02
1120	2024	10	93	0	4	56	2.24
1121	2024	10	94	0	10	25.64	2.56
1121	2024	10	94	0	22	87.12	19.17
1122	2024	10	95	0	4	331.5	13.26
1124	2024	10	96	0	22	3055	672
1123	2024	10	97	0	4	112	4.48
1126	2024	10	98	0	10	1424.75	142.48
1127	2024	10	99	0	22	549.73	120.94
1128	2024	10	100	0	22	336.69	74.07
1128	2024	10	100	0	0	139.44	0
1129	2024	10	101	0	22	4.02	0.88
1130	2024	10	102	0	4	27.53	1.1
1130	2024	10	102	0	10	465.64	46.56
1130	2024	10	102	0	22	1.6	0.35
1131	2024	10	103	0	10	197.82	19.78
1131	2024	10	103	0	22	1.6	0.35
1132	2024	10	104	0	10	175.19	17.52
1133	2024	10	105	0	10	64.63	6.46
1134	2024	10	106	0	10	147.8	14.78
1135	2024	10	107	0	4	27.53	1.1
1135	2024	10	107	0	10	409.2	40.92
1135	2024	10	107	0	22	1.6	0.35
1136	2024	10	108	0	10	103.7	10.37
1137	2024	10	109	0	10	67.7	6.77
1138	2024	10	110	0	10	46.7	4.67
1138	2024	10	110	0	22	1.6	0.35
1139	2024	10	111	0	10	103.33	10.33
1139	2024	10	111	0	22	1.6	0.35
1140	2024	10	112	0	4	27.53	1.1
1140	2024	10	112	0	10	467.1	46.71
1140	2024	10	112	0	22	1.6	0.35
1141	2024	10	113	0	10	164.44	16.44
1142	2024	10	114	0	10	83.18	8.32
1143	2024	10	115	0	10	464.65	46.47
1143	2024	10	115	0	22	1.6	0.35
1144	2024	10	116	0	4	27.53	1.1
1144	2024	10	116	0	10	364.72	36.47
1144	2024	10	116	0	22	1.6	0.35
1145	2024	10	117	0	10	151.36	15.14
1145	2024	10	117	0	22	203.47	44.76
1146	2024	10	118	0	10	88.22	8.82
1147	2024	10	119	0	10	175.19	17.52
1148	2024	10	120	0	4	86.71	3.47
1148	2024	10	120	0	10	185.05	18.51
1148	2024	10	120	0	22	1.6	0.35
1149	2024	10	121	0	10	67.7	6.77
1150	2024	10	122	0	10	47.18	4.72
1151	2024	10	123	0	10	244.39	24.44
1152	2024	10	124	0	10	173.69	17.37
1152	2024	10	124	0	22	1.6	0.35
1153	2024	10	125	0	10	520	52
1125	2024	10	126	0	4	525.32	21.01
1155	2024	10	127	0	22	59.8	13.16
1156	2024	10	128	0	5	9	0.45
1156	2024	10	128	0	22	110.1	24.22
1157	2024	10	129	0	22	130.3	28.67
1158	2024	10	130	0	22	66	14.52
1159	2024	10	131	0	5	9	0.45
1159	2024	10	131	0	22	148.74	32.72
1154	2024	10	132	0	4	1490	59.6
1160	2024	10	133	0	5	9	0.45
1160	2024	10	133	0	22	195.3	42.97
1161	2024	10	134	0	22	125.85	27.69
1162	2024	10	135	0	5	9	0.45
1162	2024	10	135	0	22	159.82	35.16
1163	2024	10	136	0	4	3817	152.68
1164	2024	10	137	0	22	227.49	50.05
1165	2024	10	138	0	22	876.98	192.94
1166	2024	10	139	0	10	268	26.8
1166	2024	10	139	0	22	5	1.1
1167	2024	10	140	0	10	186	18.6
1168	2024	10	141	0	10	60	6
1169	2024	10	142	0	10	163	16.3
1169	2024	10	142	0	22	5	1.1
1170	2024	10	143	0	22	346.4	76.21
1171	2024	10	144	0	22	72.41	15.93
1172	2024	10	145	0	10	88.22	8.82
1173	2024	10	146	0	22	238	52.36
1174	2024	10	147	0	22	64.45	14.18
1175	2024	10	148	0	10	124	12.4
1175	2024	10	148	0	22	5	1.1
1176	2024	10	149	0	10	82	8.2
1177	2024	10	150	0	22	242.39	53.33
1178	2024	10	151	0	22	11.78	2.59
1179	2024	10	152	0	22	16.44	3.62
1180	2024	10	153	0	4	162	6.48
1180	2024	10	153	0	22	1	0.22
1181	2024	10	154	0	22	14.67	3.23
1181	2024	10	154	0	4	5.19	0.21
1182	2024	10	155	0	4	216	8.64
1182	2024	10	155	0	22	1	0.22
1183	2024	10	156	0	4	216	8.64
1183	2024	10	156	0	22	1	0.22
1184	2024	10	157	0	4	162	6.48
1184	2024	10	157	0	22	1	0.22
1185	2024	10	158	0	22	160	35.2
1186	2024	10	159	0	4	162	6.48
1186	2024	10	159	0	22	1	0.22
1187	2024	10	160	0	22	160	35.2
1188	2024	10	161	0	22	590	129.8
1189	2024	10	162	0	10	57.28	5.73
1190	2024	10	163	0	10	57.4	5.74
1190	2024	10	163	0	22	77.7	17.09
1191	2024	10	164	0	4	53.4	2.14
1191	2024	10	164	0	5	11.5	0.58
1191	2024	10	164	0	10	41.85	4.19
1191	2024	10	164	0	0	4.87	0
1192	2024	10	165	0	10	22.8	2.28
1193	2024	10	166	0	10	83.2	8.32
1194	2024	10	167	0	10	49.8	4.98
1195	2024	10	168	0	4	98.15	3.93
1195	2024	10	168	0	10	79.08	7.91
1196	2024	10	169	0	10	72.35	7.24
1196	2024	10	169	0	22	9.3	2.05
1197	2024	10	170	0	10	82.4	8.24
1198	2024	10	171	0	10	77.49	7.75
1199	2024	10	172	0	10	49.2	4.92
1200	2024	10	173	0	10	57.28	5.73
1201	2024	10	174	0	10	78.85	7.89
1202	2024	10	175	0	10	59.6	5.96
1203	2024	10	176	0	10	61.05	6.11
1204	2024	10	177	0	10	91.11	9.11
1205	2024	10	178	0	10	53.02	5.3
1206	2024	10	179	0	4	98.15	3.93
1206	2024	10	179	0	10	54.35	5.44
1206	2024	10	179	0	22	4.87	1.07
1207	2024	10	180	0	10	112.2	11.22
1208	2024	10	181	0	10	113.83	11.38
1209	2024	10	182	0	10	84.41	8.44
1210	2024	10	183	0	22	9.9	2.18
1211	2024	10	184	0	10	29.9	2.99
1212	2024	10	185	0	4	84.68	3.39
1212	2024	10	185	0	10	66.58	6.66
1213	2024	10	186	0	10	112.5	11.25
1214	2024	10	187	0	10	62.79	6.28
1215	2024	10	188	0	10	111.91	11.19
1216	2024	10	189	0	10	54.6	5.46
1217	2024	10	190	0	4	275.5	11.02
1218	2024	10	191	0	4	112	4.48
1219	2024	10	192	0	10	41.64	4.16
1219	2024	10	192	0	22	87.12	19.17
1220	2024	10	193	0	4	112	4.48
1221	2024	10	194	0	4	331.5	13.26
1222	2024	10	195	0	10	1424.75	142.48
1223	2024	10	196	0	10	594.75	59.48
1224	2024	10	197	0	22	87.12	19.17
1225	2024	10	198	0	4	112	4.48
1226	2024	10	199	0	4	331.5	13.26
1227	2024	10	200	0	10	21	2.1
1227	2024	10	200	0	22	106.32	23.39
1228	2024	10	201	0	4	249	9.96
1229	2024	10	202	0	4	56	2.24
1230	2024	10	203	0	22	3258.18	716.8
1230	2024	10	203	0	0	0.02	0
1231	2024	10	204	0	22	130.9	28.8
1232	2024	10	205	0	22	300	66
1233	2024	10	206	0	22	90	19.8
1234	2024	10	207	0	22	770	169.4
1235	2024	10	208	0	22	320	70.4
1236	2024	10	209	0	22	188.77	41.53
1236	2024	10	209	0	0	69.72	0
1237	2024	10	210	0	0	69.72	0
1238	2024	10	211	0	10	214.12	21.41
1238	2024	10	211	0	22	1.6	0.35
1239	2024	10	212	0	10	190.09	19.01
1239	2024	10	212	0	22	1.6	0.35
1240	2024	10	213	0	10	129.69	12.97
1240	2024	10	213	0	22	1.6	0.35
1241	2024	10	214	0	4	27.53	1.1
1241	2024	10	214	0	10	395.9	39.59
1241	2024	10	214	0	22	1.6	0.35
1242	2024	10	215	0	4	103.48	4.14
1242	2024	10	215	0	10	241.34	24.13
1242	2024	10	215	0	22	1.6	0.35
1243	2024	10	216	0	10	323.89	32.39
1243	2024	10	216	0	22	1.6	0.35
1244	2024	10	217	0	10	186.62	18.66
1244	2024	10	217	0	22	1.6	0.35
1245	2024	10	218	0	4	80.99	3.24
1245	2024	10	218	0	10	252.24	25.22
1245	2024	10	218	0	22	1.6	0.35
1246	2024	10	219	0	10	175.19	17.52
1247	2024	10	220	0	10	83.18	8.32
1248	2024	10	221	0	10	194.61	19.46
1249	2024	10	222	0	10	47.18	4.72
1250	2024	10	223	0	10	139.28	13.93
1251	2024	10	224	0	10	103.7	10.37
1252	2024	10	225	0	10	88.22	8.82
1253	2024	10	226	0	10	195.23	19.52
1254	2024	10	227	0	10	88.22	8.82
1255	2024	10	228	0	10	103.7	10.37
1256	2024	10	229	0	10	520	52
1257	2024	10	230	0	4	433.69	17.35
1258	2024	10	231	0	22	117.4	25.83
1259	2024	10	232	0	22	72.62	15.98
1260	2024	10	233	0	22	310.34	68.27
1261	2024	10	234	0	4	1219.88	48.8
1262	2024	10	235	0	22	213.1	46.88
1263	2024	10	236	0	22	68.6	15.09
1264	2024	10	237	0	5	9	0.45
1264	2024	10	237	0	22	188.6	41.49
1265	2024	10	238	0	22	92.82	20.42
1266	2024	10	239	0	5	9	0.45
1266	2024	10	239	0	22	196.3	43.19
1267	2024	10	240	0	5	9	0.45
1267	2024	10	240	0	22	165	36.3
1268	2024	10	241	0	22	171.3	37.69
1269	2024	10	242	0	4	3189.3	127.57
1270	2024	10	243	0	10	83	8.3
1270	2024	10	243	0	22	5	1.1
1271	2024	10	244	0	22	96.72	21.28
1272	2024	10	245	0	10	206	20.6
1273	2024	10	246	0	22	72.69	15.99
1274	2024	10	247	0	10	103	10.3
1275	2024	10	248	0	22	183.42	40.35
1276	2024	10	249	0	22	276.07	60.74
1277	2024	10	250	0	10	164	16.4
1277	2024	10	250	0	22	5	1.1
1278	2024	10	251	0	22	196.62	43.26
1279	2024	10	252	0	22	90.83	19.98
1280	2024	10	253	0	22	323.6	71.19
1281	2024	10	254	0	22	63.38	13.94
1282	2024	10	255	0	22	104.8	23.06
1283	2024	10	256	0	22	8.62	1.9
1284	2024	10	257	0	22	9.02	1.98
1285	2024	10	258	0	10	82	8.2
1285	2024	10	258	0	22	5	1.1
1286	2024	10	259	0	10	5.73	0.57
1287	2024	10	260	0	22	30.89	6.79
1288	2024	10	261	0	4	100	4
1289	2024	10	262	0	4	216	8.64
1289	2024	10	262	0	22	1	0.22
1290	2024	10	263	0	10	123	12.3
1290	2024	10	263	0	22	5	1.1
1291	2024	10	264	0	22	184.94	40.69
1292	2024	10	265	0	22	14.59	3.21
1293	2024	10	266	0	4	162	6.48
1293	2024	10	266	0	22	1	0.22
1294	2024	10	267	0	4	162	6.48
1294	2024	10	267	0	22	1	0.22
1295	2024	10	268	0	10	87.28	8.73
1296	2024	10	269	0	10	12.5	1.25
1296	2024	10	269	0	22	14.41	3.17
1297	2024	10	270	0	10	41.3	4.13
1298	2024	10	271	0	4	76.53	3.06
1298	2024	10	271	0	5	11.5	0.58
1298	2024	10	271	0	10	44.85	4.49
1298	2024	10	271	0	0	5.94	0
1299	2024	10	272	0	10	46.16	4.62
1300	2024	10	273	0	10	82.6	8.26
1301	2024	10	274	0	10	145.27	14.53
1302	2024	10	275	0	4	162	6.48
1302	2024	10	275	0	22	1	0.22
1303	2024	10	276	0	10	56.81	5.68
1304	2024	10	277	0	10	76.29	7.63
1305	2024	10	278	0	10	71.29	7.13
1306	2024	10	279	0	10	112.5	11.25
1307	2024	10	280	0	4	76.53	3.06
1307	2024	10	280	0	10	81.8	8.18
1307	2024	10	280	0	22	4.87	1.07
1308	2024	10	281	0	10	15	1.5
1309	2024	10	282	0	4	25.2	1.01
1310	2024	10	283	0	10	107.37	10.74
1311	2024	10	284	0	10	12.5	1.25
1312	2024	10	285	0	10	29.9	2.99
1313	2024	10	286	0	10	113.21	11.32
1314	2024	10	287	0	4	98.1	3.92
1314	2024	10	287	0	10	57.35	5.74
1314	2024	10	287	0	22	14.41	3.17
1315	2024	10	288	0	4	42	1.68
1315	2024	10	288	0	10	153.8	15.38
1317	2024	10	289	0	4	89.2	3.57
1317	2024	10	289	0	10	62.85	6.29
1316	2024	10	290	0	10	112.5	11.25
1319	2024	10	291	0	10	73.78	7.38
1319	2024	10	291	0	22	82.74	18.2
1318	2024	10	292	0	4	33.6	1.34
1318	2024	10	292	0	10	29.9	2.99
1321	2024	10	293	0	10	181.15	18.12
1322	2024	10	294	0	10	106.83	10.68
1323	2024	10	295	0	10	56.24	5.62
1320	2024	10	296	0	10	36.95	3.7
1320	2024	10	296	0	22	9.54	2.1
1324	2024	10	297	0	10	112.89	11.29
1326	2024	10	298	0	4	112	4.48
1327	2024	10	299	0	10	25.64	2.56
1327	2024	10	299	0	22	87.12	19.17
1325	2024	10	300	0	10	125.49	12.55
1329	2024	10	301	0	4	303.5	12.14
1330	2024	10	302	0	4	303.5	12.14
1331	2024	10	303	0	4	112	4.48
1332	2024	10	304	0	10	25.64	2.56
1332	2024	10	304	0	22	106.32	23.39
1333	2024	10	305	0	4	331.5	13.26
1334	2024	10	306	0	10	53.78	5.38
1335	2024	10	307	0	10	2019.5	201.95
1336	2024	10	308	0	4	303.5	12.14
1337	2024	10	309	0	10	33.82	3.38
1337	2024	10	309	0	22	87.12	19.17
1338	2024	10	310	0	4	112	4.48
1328	2024	10	311	0	4	27.53	1.1
1328	2024	10	311	0	10	117.1	11.71
1328	2024	10	311	0	22	1.6	0.35
1339	2024	10	312	0	4	27.53	1.1
1339	2024	10	312	0	10	454.89	45.49
1339	2024	10	312	0	22	1.6	0.35
1341	2024	10	313	0	22	328.19	72.2
1342	2024	10	314	0	4	56	2.24
1340	2024	10	315	0	4	27.53	1.1
1340	2024	10	315	0	10	434.74	43.47
1340	2024	10	315	0	22	1.6	0.35
1343	2024	10	316	0	4	27.53	1.1
1343	2024	10	316	0	10	348.75	34.88
1343	2024	10	316	0	22	1.6	0.35
1344	2024	10	317	0	10	391.56	39.16
1344	2024	10	317	0	22	1.6	0.35
1345	2024	10	318	0	22	528	116.16
1347	2024	10	319	0	10	221.85	22.19
1347	2024	10	319	0	22	182.6	40.17
1348	2024	10	320	0	10	126.47	12.65
1349	2024	10	321	0	10	67.7	6.77
1350	2024	10	322	0	10	67.7	6.77
1351	2024	10	323	0	10	69.51	6.95
1352	2024	10	324	0	10	237.01	23.7
1353	2024	10	325	0	10	88.22	8.82
1354	2024	10	326	0	10	105.95	10.6
1346	2024	10	327	0	10	105.95	10.6
1355	2024	10	328	0	10	195.25	19.53
1356	2024	10	329	0	22	2735.97	601.91
1356	2024	10	329	0	0	0.12	0
1357	2024	10	330	0	10	67.7	6.77
1358	2024	10	331	0	10	124.4	12.44
1358	2024	10	331	0	22	1.6	0.35
1359	2024	10	332	0	10	520	52
1360	2024	10	333	0	4	335.48	13.42
1361	2024	10	334	0	22	1014.01	223.08
1362	2024	10	335	0	22	1207.99	265.76
1363	2024	10	336	0	10	638.43	63.84
1364	2024	10	337	0	22	5327.27	1172
1365	2024	10	338	0	5	6	0.3
1365	2024	10	338	0	22	232.6	51.17
1366	2024	10	339	0	22	242.81	53.42
1367	2024	10	340	0	5	24	1.2
1367	2024	10	340	0	22	117.32	25.81
1368	2024	10	341	0	22	163.1	35.88
1369	2024	10	342	0	22	76.8	16.9
1370	2024	10	343	0	22	289.6	63.71
1371	2024	10	344	0	10	67.7	6.77
1372	2024	10	345	0	4	3407.8	136.31
1373	2024	10	346	0	22	152.3	33.51
1374	2024	10	347	0	22	129.78	28.55
1375	2024	10	348	0	4	1111.2	44.45
1376	2024	10	349	0	10	61	6.1
1377	2024	10	350	0	22	99.09	21.8
1378	2024	10	351	0	10	142	14.2
1378	2024	10	351	0	22	5	1.1
1379	2024	10	352	0	22	43.42	9.55
1380	2024	10	353	0	10	124	12.4
1380	2024	10	353	0	22	5	1.1
1381	2024	10	354	0	22	313.17	68.9
1382	2024	10	355	0	22	250	55
1383	2024	10	356	0	10	122	12.2
1383	2024	10	356	0	22	5	1.1
1384	2024	10	357	0	10	103	10.3
1385	2024	10	358	0	22	77.37	17.02
1386	2024	10	359	0	22	79.87	17.57
1387	2024	10	360	0	22	40.77	8.97
1388	2024	10	361	0	22	45.48	10.01
1389	2024	10	362	0	22	299.94	65.99
1390	2024	10	363	0	22	131.58	28.95
1391	2024	10	364	0	10	164	16.4
1391	2024	10	364	0	22	5	1.1
1392	2024	10	365	0	22	64.73	14.24
1394	2024	10	366	0	10	123	12.3
1394	2024	10	366	0	22	5	1.1
1395	2024	10	367	0	10	102	10.2
1396	2024	10	368	0	22	8.79	1.93
1397	2024	10	369	0	22	29.61	6.52
1393	2024	10	370	0	22	356.58	78.45
1399	2024	10	371	0	4	7.79	0.31
1400	2024	10	372	0	4	100	4
1401	2024	10	373	0	22	16.97	3.73
1402	2024	10	374	0	22	15000	3300
1403	2024	10	375	0	4	216	8.64
1403	2024	10	375	0	22	1	0.22
1404	2024	10	376	0	4	162	6.48
1404	2024	10	376	0	22	1	0.22
1405	2024	10	377	0	4	216	8.64
1405	2024	10	377	0	22	1	0.22
1406	2024	10	378	0	10	21.33	2.13
1407	2024	10	379	0	4	91.2	3.65
1407	2024	10	379	0	5	11.76	0.59
1407	2024	10	379	0	10	57.35	5.74
1407	2024	10	379	0	0	5.94	0
1408	2024	10	380	0	10	28.8	2.88
1409	2024	10	381	0	4	162	6.48
1409	2024	10	381	0	22	1	0.22
1410	2024	10	382	0	4	216	8.64
1410	2024	10	382	0	22	1	0.22
1398	2024	10	383	0	10	45.76	4.58
1412	2024	10	384	0	10	101.28	10.13
1411	2024	10	385	0	10	39.74	3.97
1414	2024	10	386	0	22	20.89	4.59
1414	2024	10	386	0	10	4	0.4
1415	2024	10	387	0	4	25.2	1.01
1415	2024	10	387	0	10	29.92	2.99
1413	2024	10	388	0	10	64.32	6.43
1417	2024	10	389	0	4	42	1.68
1417	2024	10	389	0	10	112.8	11.28
1418	2024	10	390	0	4	76.53	3.06
1418	2024	10	390	0	10	81.8	8.18
1419	2024	10	391	0	4	21.9	0.88
1419	2024	10	391	0	10	53.79	5.38
1420	2024	10	392	0	10	47.65	4.77
1416	2024	10	393	0	10	34.38	3.44
1421	2024	10	394	0	10	14.96	1.5
1423	2024	10	395	0	4	63.4	2.54
1423	2024	10	395	0	10	69.85	6.99
1423	2024	10	395	0	22	17.91	3.94
1422	2024	10	396	0	4	50.4	2.02
1422	2024	10	396	0	10	112.8	11.28
1425	2024	10	397	0	4	43.8	1.75
1425	2024	10	397	0	10	46.88	4.69
1426	2024	10	398	0	10	48.96	4.9
1427	2024	10	399	0	4	43.8	1.75
1427	2024	10	399	0	10	62.46	6.25
1424	2024	10	400	0	4	50.4	2.02
1424	2024	10	400	0	10	112.8	11.28
1429	2024	10	401	0	10	71.87	7.19
1428	2024	10	402	0	22	13.04	2.87
1430	2024	10	403	0	10	52.96	5.3
1432	2024	10	404	0	10	125.68	12.57
1433	2024	10	405	0	4	91.2	3.65
1433	2024	10	405	0	10	81.8	8.18
1433	2024	10	405	0	22	4.87	1.07
1434	2024	10	406	0	10	82.48	8.25
1435	2024	10	407	0	4	91.2	3.65
1435	2024	10	407	0	5	11.76	0.59
1435	2024	10	407	0	10	81.2	8.12
1436	2024	10	408	0	10	71.11	7.11
1437	2024	10	409	0	10	82.73	8.27
1431	2024	10	410	0	10	53.79	5.38
1431	2024	10	410	0	22	83.1	18.28
1439	2024	10	411	0	22	34.5	7.59
1440	2024	10	412	0	4	248.5	9.94
1441	2024	10	413	0	10	62.79	6.28
1442	2024	10	414	0	4	220.5	8.82
1443	2024	10	415	0	4	112	4.48
1444	2024	10	416	0	10	1390	139
1445	2024	10	417	0	4	84	3.36
1446	2024	10	418	0	4	112	4.48
1447	2024	10	419	0	10	559	55.9
1448	2024	10	420	0	4	112	4.48
1449	2024	10	421	0	10	25.64	2.56
1449	2024	10	421	0	22	87.12	19.17
1450	2024	10	422	0	10	12.82	1.28
1450	2024	10	422	0	22	87.12	19.17
1451	2024	10	423	0	4	220.5	8.82
1452	2024	10	424	0	4	56	2.24
1453	2024	10	425	0	10	12.82	1.28
1453	2024	10	425	0	22	87.12	19.17
1454	2024	10	426	0	4	386.5	15.46
1455	2024	10	427	0	22	1500	330
1456	2024	10	428	0	4	220.5	8.82
1457	2024	10	429	0	22	12.18	2.68
1458	2024	10	430	0	4	42	1.68
1458	2024	10	430	0	10	124.32	12.43
1459	2024	10	431	0	22	1728.23	380.21
1459	2024	10	431	0	0	0.56	0
1438	2024	10	432	0	4	27.53	1.1
1438	2024	10	432	0	10	138.46	13.85
1438	2024	10	432	0	22	1.6	0.35
1461	2024	10	433	0	22	50	11
1462	2024	10	434	0	4	47.97	1.92
1462	2024	10	434	0	10	181.59	18.16
1462	2024	10	434	0	22	1.6	0.35
1463	2024	10	435	0	10	76.29	7.63
1464	2024	10	436	0	10	263.34	26.33
1464	2024	10	436	0	22	1.6	0.35
1460	2024	10	437	0	10	200.34	20.03
1460	2024	10	437	0	22	1.6	0.35
1466	2024	10	438	0	4	27.53	1.1
1466	2024	10	438	0	10	335.48	33.55
1466	2024	10	438	0	22	1.6	0.35
1467	2024	10	439	0	4	27.53	1.1
1467	2024	10	439	0	10	277.25	27.73
1467	2024	10	439	0	22	1.6	0.35
1465	2024	10	440	0	10	28.76	2.88
1465	2024	10	440	0	22	1.6	0.35
1468	2024	10	441	0	22	766.77	168.69
1468	2024	10	441	0	0	557.76	0
1469	2024	10	442	0	10	67.7	6.77
1470	2024	10	443	0	10	138.43	13.84
1471	2024	10	444	0	10	141.32	14.13
1472	2024	10	445	0	10	105.95	10.6
1473	2024	10	446	0	10	88.22	8.82
1474	2024	10	447	0	10	150.05	15.01
1475	2024	10	448	0	10	167.23	16.72
1476	2024	10	449	0	10	67.7	6.77
1477	2024	10	450	0	10	142.34	14.23
1478	2024	10	451	0	10	162.41	16.24
1479	2024	10	452	0	4	199.33	7.97
1480	2024	10	453	0	22	126.51	27.83
1481	2024	10	454	0	22	144.72	31.84
1482	2024	10	455	0	4	1137.75	45.51
1483	2024	10	456	0	22	130.3	28.67
1484	2024	10	457	0	5	7	0.35
1484	2024	10	457	0	22	210.6	46.33
1485	2024	10	458	0	22	44.2	9.72
1486	2024	10	459	0	22	54.68	12.03
1487	2024	10	460	0	22	232.6	51.17
1488	2024	10	461	0	22	302.6	66.57
1489	2024	10	462	0	4	2921.8	116.87
1490	2024	10	463	0	22	158.8	34.94
1491	2024	10	464	0	22	373.6	82.19
1492	2024	10	465	0	5	14	0.7
1492	2024	10	465	0	22	104.58	23.01
1493	2024	10	466	0	22	276.32	60.79
1494	2024	10	467	0	22	220.8	48.58
1495	2024	10	468	0	22	77.12	16.97
1496	2024	10	469	0	22	232.6	51.17
1497	2024	10	470	0	22	1421.89	312.82
1498	2024	10	471	0	10	143	14.3
1498	2024	10	471	0	22	5	1.1
1499	2024	10	472	0	10	186	18.6
1499	2024	10	472	0	22	5	1.1
1500	2024	10	473	0	22	349.46	76.88
1501	2024	10	474	0	22	159	34.98
1502	2024	10	475	0	10	145	14.5
1502	2024	10	475	0	22	5	1.1
1503	2024	10	476	0	10	144	14.4
1504	2024	10	477	0	10	144	14.4
1505	2024	10	478	0	22	50.18	11.04
1506	2024	10	479	0	10	164	16.4
1506	2024	10	479	0	22	5	1.1
1507	2024	10	480	0	22	22.77	5.01
1507	2024	10	480	0	4	7.21	0.29
1508	2024	10	481	0	22	8.93	1.97
1508	2024	10	481	0	4	8.22	0.33
1509	2024	10	482	0	22	20.51	4.51
1510	2024	10	483	0	4	216	8.64
1510	2024	10	483	0	22	1	0.22
1511	2024	10	484	0	10	50.78	5.08
1512	2024	10	485	0	4	162	6.48
1512	2024	10	485	0	22	1	0.22
1513	2024	10	486	0	4	216	8.64
1513	2024	10	486	0	22	1	0.22
1514	2024	10	487	0	22	8.11	1.79
1515	2024	10	488	0	10	12.5	1.25
1515	2024	10	488	0	22	13.04	2.87
1516	2024	10	489	0	10	46.34	4.63
1517	2024	10	490	0	4	42	1.68
1517	2024	10	490	0	10	112.8	11.28
1518	2024	10	491	0	4	91.2	3.65
1518	2024	10	491	0	10	42.4	4.24
1519	2024	10	492	0	10	48.98	4.9
1520	2024	10	493	0	10	55.39	5.54
1521	2024	10	494	0	10	44.88	4.49
1522	2024	10	495	0	10	56.98	5.7
1523	2024	10	496	0	4	43.8	1.75
1523	2024	10	496	0	10	39.56	3.96
1524	2024	10	497	0	10	117.04	11.7
1525	2024	10	498	0	4	91.2	3.65
1525	2024	10	498	0	10	83.65	8.37
1525	2024	10	498	0	22	4.87	1.07
1526	2024	10	499	0	10	96.58	9.66
1527	2024	10	500	0	4	50.4	2.02
1527	2024	10	500	0	10	112.8	11.28
1528	2024	10	501	0	10	45.38	4.54
1529	2024	10	502	0	4	8.9	0.36
1529	2024	10	502	0	10	25	2.5
1530	2024	10	503	0	10	148.05	14.81
1531	2024	10	504	0	10	29.92	2.99
1532	2024	10	505	0	10	135.84	13.58
1533	2024	10	506	0	4	91.2	3.65
1533	2024	10	506	0	5	11.76	0.59
1533	2024	10	506	0	10	105.65	10.57
1533	2024	10	506	0	0	4.87	0
1534	2024	10	507	0	4	66.3	2.65
1534	2024	10	507	0	10	94.79	9.48
1534	2024	10	507	0	22	83.1	18.28
1535	2024	10	508	0	10	55.68	5.57
1536	2024	10	509	0	4	43.8	1.75
1536	2024	10	509	0	10	61.7	6.17
1536	2024	10	509	0	22	13.04	2.87
1537	2024	10	510	0	10	22.85	2.29
1537	2024	10	510	0	22	105.69	23.25
1538	2024	10	511	0	10	33.82	3.38
1538	2024	10	511	0	22	111.72	24.58
1539	2024	10	512	0	4	112	4.48
1540	2024	10	513	0	4	303.5	12.14
1541	2024	10	514	0	4	42	1.68
1541	2024	10	514	0	10	142.72	14.27
1542	2024	10	515	0	4	220.5	8.82
1543	2024	10	516	0	4	84	3.36
1544	2024	10	517	0	10	1460.5	146.05
1545	2024	10	518	0	10	629.5	62.95
1546	2024	10	519	0	4	84	3.36
1547	2024	10	520	0	10	12.82	1.28
1547	2024	10	520	0	22	92.52	20.35
1548	2024	10	521	0	4	303.5	12.14
1549	2024	10	522	0	10	64.54	6.45
1550	2024	10	523	0	4	303.5	12.14
1551	2024	10	524	0	4	84	3.36
1552	2024	10	525	0	10	30	3
1552	2024	10	525	0	22	111.72	24.58
1553	2024	10	526	0	22	2669.64	587.36
1554	2024	10	527	0	22	70	15.4
1555	2024	10	528	0	22	60	13.2
1556	2024	10	529	0	22	1800	396
1557	2024	10	530	0	22	300	66
1558	2024	10	531	0	10	36	3.6
1558	2024	10	531	0	22	92.52	20.35
1559	2024	10	532	0	22	300	66
1560	2024	10	533	0	22	200	44
1561	2024	10	534	0	0	627.48	0
1562	2024	10	535	0	22	263.4	57.95
1562	2024	10	535	0	0	418.32	0
1563	2024	10	536	0	10	12.5	1.25
1564	2024	10	537	0	10	141.84	14.18
1564	2024	10	537	0	22	1.6	0.35
1565	2024	10	538	0	4	27.53	1.1
1565	2024	10	538	0	10	346.69	34.67
1565	2024	10	538	0	22	1.6	0.35
1566	2024	10	539	0	4	49.96	2
1566	2024	10	539	0	10	137.47	13.75
1566	2024	10	539	0	22	1.6	0.35
1567	2024	10	540	0	10	241.8	24.18
1567	2024	10	540	0	22	1.6	0.35
1568	2024	10	541	0	10	287.22	28.72
1568	2024	10	541	0	22	1.6	0.35
1569	2024	10	542	0	4	27.53	1.1
1569	2024	10	542	0	10	172.05	17.21
1569	2024	10	542	0	22	1.6	0.35
1570	2024	10	543	0	10	298.2	29.82
1570	2024	10	543	0	22	1.6	0.35
1571	2024	10	544	0	4	336.41	13.46
1571	2024	10	544	0	10	593.48	59.35
1571	2024	10	544	0	22	1.6	0.35
1572	2024	10	545	0	10	110	11
1572	2024	10	545	0	22	1.6	0.35
1573	2024	10	546	0	4	27.53	1.1
1573	2024	10	546	0	10	214.58	21.46
1573	2024	10	546	0	22	1.6	0.35
1574	2024	10	547	0	10	111.22	11.12
1574	2024	10	547	0	22	1.6	0.35
1575	2024	10	548	0	4	27.53	1.1
1575	2024	10	548	0	10	180.27	18.03
1575	2024	10	548	0	22	1.6	0.35
1576	2024	10	549	0	10	108.47	10.85
1577	2024	10	550	0	10	200.7	20.07
1578	2024	10	551	0	10	67.7	6.77
1579	2024	10	552	0	10	128.36	12.84
1580	2024	10	553	0	10	67.7	6.77
1581	2024	10	554	0	10	104.77	10.48
1582	2024	10	555	0	10	44.11	4.41
1583	2024	10	556	0	10	143.13	14.31
1584	2024	10	557	0	10	138.43	13.84
1585	2024	10	558	0	22	187.82	41.32
1585	2024	10	558	0	10	202.92	20.29
1586	2024	10	559	0	10	47.18	4.72
1587	2024	10	560	0	10	520	52
1588	2024	10	561	0	10	520	52
1589	2024	10	562	0	4	120.37	4.81
1590	2024	10	563	0	22	5327.27	1172
1591	2024	10	564	0	5	14	0.7
1591	2024	10	564	0	22	77.17	16.98
1592	2024	10	565	0	22	72.62	15.98
1593	2024	10	566	0	22	126.51	27.83
1594	2024	10	567	0	22	44.2	9.72
1595	2024	10	568	0	22	117.4	25.83
1596	2024	10	569	0	4	1173	46.92
1597	2024	10	570	0	22	33.6	7.39
1598	2024	10	571	0	5	7	0.35
1598	2024	10	571	0	22	111.8	24.6
1599	2024	10	572	0	5	14	0.7
1599	2024	10	572	0	22	130.87	28.79
1600	2024	10	573	0	22	244.3	53.75
1601	2024	10	574	0	5	7	0.35
1601	2024	10	574	0	22	102.99	22.66
1602	2024	10	575	0	22	44	9.68
1603	2024	10	576	0	22	29	6.38
1604	2024	10	577	0	4	1126.6	45.06
1605	2024	10	578	0	22	196.3	43.19
1606	2024	10	579	0	22	214.5	47.19
1607	2024	10	580	0	22	71.58	15.75
1608	2024	10	581	0	22	71.58	15.75
1609	2024	10	582	0	5	14	0.7
1609	2024	10	582	0	22	344.6	75.81
1610	2024	10	583	0	5	12	0.6
1610	2024	10	583	0	22	254.9	56.08
1611	2024	10	584	0	22	232.6	51.17
1612	2024	10	585	0	22	188.6	41.49
1613	2024	10	586	0	22	108.62	23.9
1614	2024	10	587	0	22	33.9	7.46
1615	2024	10	588	0	5	14	0.7
1615	2024	10	588	0	22	268.9	59.16
1616	2024	10	589	0	4	3455.1	138.2
1617	2024	10	590	0	22	189.46	41.68
1618	2024	10	591	0	22	305.6	67.23
1619	2024	10	592	0	4	3516.6	140.66
1620	2024	10	593	0	22	176.79	38.89
1621	2024	10	594	0	22	103.93	22.86
1622	2024	10	595	0	22	310.24	68.25
1623	2024	10	596	0	10	164	16.4
1623	2024	10	596	0	22	5	1.1
1624	2024	10	597	0	22	40.32	8.87
1625	2024	10	598	0	22	113.39	24.95
1626	2024	10	599	0	10	61	6.1
1627	2024	10	600	0	22	98.53	21.68
1628	2024	10	601	0	22	293.16	64.5
1629	2024	10	602	0	22	93.84	20.64
1630	2024	10	603	0	22	145.93	32.1
1631	2024	10	604	0	22	236.43	52.01
1632	2024	10	605	0	22	72.41	15.93
1633	2024	10	606	0	10	164	16.4
1633	2024	10	606	0	22	5	1.1
1634	2024	10	607	0	22	297.53	65.46
1635	2024	10	608	0	10	61	6.1
1636	2024	10	609	0	22	268.65	59.1
1637	2024	10	610	0	10	144	14.4
1637	2024	10	610	0	22	5	1.1
1638	2024	10	611	0	10	164	16.4
1638	2024	10	611	0	22	5	1.1
1639	2024	10	612	0	22	402.79	88.61
1640	2024	10	613	0	22	121.96	26.83
1641	2024	10	614	0	22	273.65	60.2
1642	2024	10	615	0	10	412	41.2
1642	2024	10	615	0	22	5	1.1
1643	2024	10	616	0	22	250	55
1644	2024	10	617	0	10	102	10.2
1645	2024	10	618	0	10	226	22.6
1645	2024	10	618	0	22	5	1.1
1646	2024	10	619	0	22	79.45	17.48
1647	2024	10	620	0	22	520	114.4
1648	2024	10	621	0	22	88.2	19.4
1649	2024	10	622	0	22	155.4	34.19
1650	2024	10	623	0	22	313.14	68.89
1651	2024	10	624	0	22	70	15.4
1652	2024	10	625	0	22	450	99
1653	2024	10	626	0	22	60	13.2
1654	2024	10	627	0	22	80	17.6
1655	2024	10	628	0	22	678.6	149.29
1656	2024	10	629	0	22	276	60.72
1657	2024	10	630	0	22	341.28	75.08
1658	2024	10	631	0	10	206	20.6
1658	2024	10	631	0	22	5	1.1
1659	2024	10	632	0	22	115.23	25.35
1660	2024	10	633	0	22	28.35	6.24
1661	2024	10	634	0	22	889	195.58
1662	2024	10	635	0	22	12.98	2.86
1663	2024	10	636	0	22	17.66	3.88
1663	2024	10	636	0	4	12.98	0.52
1664	2024	10	637	0	22	73.53	16.18
1665	2024	10	638	0	10	127	12.7
1665	2024	10	638	0	22	5	1.1
1666	2024	10	639	0	10	185	18.5
1666	2024	10	639	0	22	5	1.1
1667	2024	10	640	0	22	23.02	5.07
1668	2024	10	641	0	4	8.85	0.35
1669	2024	10	642	0	22	10.49	2.31
1670	2024	10	643	0	4	120	4.8
1671	2024	10	644	0	22	16.23	3.57
1671	2024	10	644	0	4	8.85	0.35
1672	2024	10	645	0	22	15000	3300
1673	2024	10	646	0	4	104	4.16
1674	2024	10	647	0	4	164	6.56
1675	2024	10	648	0	22	5.41	1.19
1676	2024	10	649	0	22	20	4.4
1677	2024	10	650	0	4	135	5.4
1677	2024	10	650	0	22	1	0.22
1678	2024	10	651	0	4	162	6.48
1678	2024	10	651	0	22	1	0.22
1679	2024	10	652	0	4	135	5.4
1679	2024	10	652	0	22	1	0.22
1680	2024	10	653	0	4	216	8.64
1680	2024	10	653	0	22	1	0.22
1681	2024	10	654	0	4	270	10.8
1681	2024	10	654	0	22	1	0.22
1682	2024	10	655	0	10	51.14	5.11
1683	2024	10	656	0	4	216	8.64
1683	2024	10	656	0	22	1	0.22
1684	2024	10	657	0	22	30	6.6
1685	2024	10	658	0	4	65.7	2.63
1685	2024	10	658	0	10	58.7	5.87
1686	2024	10	659	0	4	270	10.8
1686	2024	10	659	0	22	1	0.22
1687	2024	10	660	0	4	216	8.64
1687	2024	10	660	0	22	1	0.22
1688	2024	10	661	0	4	42	1.68
1688	2024	10	661	0	10	127.76	12.78
1689	2024	10	662	0	4	50.4	2.02
1689	2024	10	662	0	10	142.72	14.27
1690	2024	10	663	0	4	91.2	3.65
1690	2024	10	663	0	10	68.75	6.88
1691	2024	10	664	0	4	43.8	1.75
1691	2024	10	664	0	10	76.5	7.65
1691	2024	10	664	0	22	13.04	2.87
1692	2024	10	665	0	10	7.95	0.8
1693	2024	10	666	0	4	72.3	2.89
1693	2024	10	666	0	10	72.7	7.27
1694	2024	10	667	0	10	131.91	13.19
1695	2024	10	668	0	10	75.53	7.55
1696	2024	10	669	0	4	45	1.8
1696	2024	10	669	0	10	47.5	4.75
1697	2024	10	670	0	4	100.65	4.03
1697	2024	10	670	0	10	92.6	9.26
1697	2024	10	670	0	22	3.99	0.88
1698	2024	10	671	0	4	42	1.68
1698	2024	10	671	0	10	142.72	14.27
1700	2024	10	672	0	4	45	1.8
1700	2024	10	672	0	10	91.68	9.17
1700	2024	10	672	0	22	17.03	3.75
1699	2024	10	673	0	4	53.4	2.14
1699	2024	10	673	0	5	11.76	0.59
1699	2024	10	673	0	10	77.48	7.75
1699	2024	10	673	0	0	4.87	0
1701	2024	10	674	0	4	8.4	0.34
1703	2024	10	675	0	10	126.89	12.69
1704	2024	10	676	0	10	16.54	1.65
1705	2024	10	677	0	10	124.11	12.41
1702	2024	10	678	0	4	47.25	1.89
1706	2024	10	679	0	4	45	1.8
1706	2024	10	679	0	10	17.6	1.76
1707	2024	10	680	0	4	45	1.8
1707	2024	10	680	0	10	66.5	6.65
1707	2024	10	680	0	22	13.04	2.87
1709	2024	10	681	0	10	14.96	1.5
1710	2024	10	682	0	4	22.5	0.9
1710	2024	10	682	0	10	14.95	1.5
1711	2024	10	683	0	4	100.65	4.03
1711	2024	10	683	0	10	91.65	9.17
1708	2024	10	684	0	4	50.4	2.02
1708	2024	10	684	0	10	142.72	14.27
1713	2024	10	685	0	4	23.63	0.95
1714	2024	10	686	0	10	26.48	2.65
1712	2024	10	687	0	10	86.27	8.63
1716	2024	10	688	0	10	148.12	14.81
1717	2024	10	689	0	4	67.5	2.7
1717	2024	10	689	0	10	130.68	13.07
1717	2024	10	689	0	22	13.04	2.87
1718	2024	10	690	0	4	91.2	3.65
1718	2024	10	690	0	10	118.15	11.82
1718	2024	10	690	0	22	3.99	0.88
1719	2024	10	691	0	10	228.64	22.86
1720	2024	10	692	0	4	90	3.6
1720	2024	10	692	0	10	143.36	14.34
1720	2024	10	692	0	22	13.04	2.87
1721	2024	10	693	0	4	50.4	2.02
1721	2024	10	693	0	10	184.16	18.42
1715	2024	10	694	0	4	50.4	2.02
1715	2024	10	694	0	10	142.72	14.27
1723	2024	10	695	0	4	71.2	2.85
1723	2024	10	695	0	5	11.76	0.59
1723	2024	10	695	0	10	136.65	13.67
1723	2024	10	695	0	0	4.87	0
1722	2024	10	696	0	4	15	0.6
1725	2024	10	697	0	4	109.55	4.38
1725	2024	10	697	0	10	131.15	13.12
1726	2024	10	698	0	4	90	3.6
1726	2024	10	698	0	10	152.2	15.22
1726	2024	10	698	0	22	13.04	2.87
1727	2024	10	699	0	10	54.43	5.44
1728	2024	10	700	0	4	45	1.8
1728	2024	10	700	0	10	14.95	1.5
1729	2024	10	701	0	10	46.22	4.62
1730	2024	10	702	0	10	186.6	18.66
1724	2024	10	703	0	4	45	1.8
1724	2024	10	703	0	22	83.1	18.28
1732	2024	10	704	0	4	53.4	2.14
1732	2024	10	704	0	5	11.76	0.59
1732	2024	10	704	0	10	104.7	10.47
1732	2024	10	704	0	0	4.87	0
1733	2024	10	705	0	4	50.4	2.02
1734	2024	10	706	0	10	131.99	13.2
1731	2024	10	707	0	10	97.54	9.75
1735	2024	10	708	0	22	34.5	7.59
1736	2024	10	709	0	4	303.5	12.14
1737	2024	10	710	0	4	56	2.24
1738	2024	10	711	0	10	83.72	8.37
1739	2024	10	712	0	4	81.48	3.26
1740	2024	10	713	0	4	267.24	10.69
1741	2024	10	714	0	10	1216.25	121.63
1742	2024	10	715	0	10	28	2.8
1742	2024	10	715	0	22	92.52	20.35
1743	2024	10	716	0	10	141	14.1
1744	2024	10	717	0	4	108.64	4.35
1745	2024	10	718	0	4	22.5	0.9
1745	2024	10	718	0	10	29.55	2.96
1746	2024	10	719	0	4	241.05	9.64
1747	2024	10	720	0	4	81.48	3.26
1748	2024	10	721	0	10	14	1.4
1748	2024	10	721	0	22	111.72	24.58
1749	2024	10	722	0	4	81.48	3.26
1750	2024	10	723	0	4	294.4	11.78
1751	2024	10	724	0	4	81.48	3.26
1752	2024	10	725	0	4	294.4	11.78
1753	2024	10	726	0	4	294.4	11.78
1754	2024	10	727	0	10	1534	153.4
1755	2024	10	728	0	10	35	3.5
1755	2024	10	728	0	22	112.72	24.8
1756	2024	10	729	0	10	29	2.9
1756	2024	10	729	0	22	92.52	20.35
1757	2024	10	730	0	4	135.8	5.43
1758	2024	10	731	0	10	556	55.6
1759	2024	10	732	0	4	81.48	3.26
1760	2024	10	733	0	22	92.52	20.35
1761	2024	10	734	0	4	321.56	12.86
1762	2024	10	735	0	4	73.95	2.96
1763	2024	10	736	0	4	45	1.8
1763	2024	10	736	0	10	154.14	15.41
1763	2024	10	736	0	22	13.04	2.87
1764	2024	10	737	0	4	81.48	3.26
1765	2024	10	738	0	10	50	5
1765	2024	10	738	0	22	112.72	24.8
1766	2024	10	739	0	4	402.07	16.08
1767	2024	10	740	0	4	374.91	15
1768	2024	10	741	0	22	2996.38	659.2
1768	2024	10	741	0	0	0.42	0
1769	2024	10	742	0	0	139.44	0
1770	2024	10	743	0	10	97.5	9.75
1771	2024	10	744	0	4	108.64	4.35
1772	2024	10	745	0	22	748.95	164.77
1773	2024	10	746	0	10	80.72	8.07
1774	2024	10	747	0	10	97.5	9.75
1776	2024	10	748	0	10	192.54	19.25
1776	2024	10	748	0	22	1.6	0.35
1777	2024	10	749	0	4	27.53	1.1
1777	2024	10	749	0	10	282.33	28.23
1777	2024	10	749	0	22	1.6	0.35
1778	2024	10	750	0	22	260.12	57.23
1778	2024	10	750	0	0	185.92	0
1779	2024	10	751	0	10	123.03	12.3
1779	2024	10	751	0	22	1.6	0.35
1780	2024	10	752	0	10	420.63	42.06
1780	2024	10	752	0	22	1.6	0.35
1781	2024	10	753	0	10	339.57	33.96
1781	2024	10	753	0	22	1.6	0.35
1782	2024	10	754	0	4	797.95	31.92
1782	2024	10	754	0	10	234.88	23.49
1782	2024	10	754	0	22	17.8	3.92
1783	2024	10	755	0	10	103.99	10.4
1784	2024	10	756	0	4	27.53	1.1
1784	2024	10	756	0	22	1.6	0.35
1785	2024	10	757	0	4	38.1	1.52
1785	2024	10	757	0	10	301.4	30.14
1785	2024	10	757	0	22	1.6	0.35
1786	2024	10	758	0	10	350.2	35.02
1786	2024	10	758	0	22	1.6	0.35
1787	2024	10	759	0	10	269.1	26.91
1787	2024	10	759	0	22	1.6	0.35
1788	2024	10	760	0	4	38.1	1.52
1788	2024	10	760	0	10	127.13	12.71
1788	2024	10	760	0	22	1.6	0.35
1789	2024	10	761	0	4	330.68	13.23
1789	2024	10	761	0	10	731.55	73.16
1789	2024	10	761	0	22	1.6	0.35
1790	2024	10	762	0	4	27.53	1.1
1790	2024	10	762	0	10	298.74	29.87
1790	2024	10	762	0	22	1.6	0.35
1791	2024	10	763	0	10	355.91	35.59
1791	2024	10	763	0	22	1.6	0.35
1792	2024	10	764	0	22	3103.09	682.68
1792	2024	10	764	0	0	0.23	0
1793	2024	10	765	0	10	205.27	20.53
1793	2024	10	765	0	22	1.6	0.35
1794	2024	10	766	0	4	520.7	20.83
1794	2024	10	766	0	10	476.33	47.63
1794	2024	10	766	0	22	1.6	0.35
1795	2024	10	767	0	4	48.41	1.94
1795	2024	10	767	0	10	135.89	13.59
1795	2024	10	767	0	22	1.6	0.35
1796	2024	10	768	0	4	27.53	1.1
1796	2024	10	768	0	10	184.95	18.5
1796	2024	10	768	0	22	1.6	0.35
1797	2024	10	769	0	10	107.84	10.78
1798	2024	10	770	0	10	94.51	9.45
1798	2024	10	770	0	22	1.6	0.35
1799	2024	10	771	0	10	92.96	9.3
1799	2024	10	771	0	22	1.6	0.35
1800	2024	10	772	0	4	27.53	1.1
1800	2024	10	772	0	10	229.85	22.99
1800	2024	10	772	0	22	1.6	0.35
1775	2024	10	773	0	10	220	22
1802	2024	10	774	0	10	43.87	4.39
1803	2024	10	775	0	10	227.69	22.77
1804	2024	10	776	0	10	84.25	8.43
1805	2024	10	777	0	10	234.44	23.44
1805	2024	10	777	0	22	187.82	41.32
1806	2024	10	778	0	10	88.22	8.82
1807	2024	10	779	0	10	67.7	6.77
1808	2024	10	780	0	10	67.7	6.77
1809	2024	10	781	0	10	87.32	8.73
1810	2024	10	782	0	10	265.54	26.55
1801	2024	10	783	0	10	67.7	6.77
1812	2024	10	784	0	10	47.18	4.72
1811	2024	10	785	0	10	47.18	4.72
1813	2024	10	786	0	10	67.7	6.77
1814	2024	10	787	0	10	69.58	6.96
1816	2024	10	788	0	10	247.21	24.72
1816	2024	10	788	0	4	9.61	0.38
1817	2024	10	789	0	10	262.34	26.23
1818	2024	10	790	0	10	65.59	6.56
1819	2024	10	791	0	10	87.06	8.71
1820	2024	10	792	0	10	44.11	4.41
1821	2024	10	793	0	10	67.7	6.77
1822	2024	10	794	0	10	110.51	11.05
1823	2024	10	795	0	10	44.11	4.41
1824	2024	10	796	0	10	44.11	4.41
1825	2024	10	797	0	10	67.7	6.77
1826	2024	10	798	0	10	88.22	8.82
1815	2024	10	799	0	10	43.87	4.39
1828	2024	10	800	0	10	43.87	4.39
1829	2024	10	801	0	10	107.84	10.78
1830	2024	10	1508	0	22	17	3.74
2003	2024	10	1509	0	22	15.16	3.33
1831	2024	10	803	0	5	18	0.9
1831	2024	10	803	0	22	251.07	55.24
1832	2024	10	1143	0	22	3100	682
1833	2024	10	1523	0	4	270	10.8
1833	2024	10	1523	0	22	1	0.22
1827	2024	10	1524	0	4	324	12.96
1827	2024	10	1524	0	22	1	0.22
1835	2025	10	1244	0	4	108	4.32
1835	2025	10	1244	0	22	1.3	0.29
1837	2024	10	809	0	10	520	52
1838	2024	10	810	0	10	652.8	65.28
1839	2024	10	811	0	22	188.6	41.49
1840	2024	10	812	0	4	1364.1	54.56
1841	2024	10	813	0	4	149	5.96
1842	2024	10	814	0	22	241.5	53.13
1843	2024	10	815	0	5	14	0.7
1843	2024	10	815	0	22	212.02	46.64
1844	2024	10	816	0	5	14	0.7
1844	2024	10	816	0	22	129.82	28.56
1845	2024	10	1360	0	5	64	3.2
1845	2024	10	1360	0	22	946.5	208.23
1836	2024	10	1392	0	5	120	6
1847	2024	10	820	0	5	14	0.7
1847	2024	10	820	0	22	284.3	62.55
1848	2024	10	821	0	4	4479	179.16
1849	2024	10	822	0	10	226	22.6
1849	2024	10	822	0	22	5	1.1
1850	2025	10	749	0	10	520	52
1851	2024	10	1529	0	22	191	42.02
1852	2024	10	825	0	5	21	1.05
1852	2024	10	825	0	22	128.99	28.38
1853	2024	10	826	0	22	37.3	8.21
1855	2024	10	827	0	10	412	41.2
1855	2024	10	827	0	22	5	1.1
1856	2024	10	828	0	22	309.39	68.07
1857	2024	10	1242	0	22	249	54.78
1854	2024	10	1530	0	22	238.6	52.49
1859	2024	10	831	0	22	461.65	101.56
1860	2024	10	832	0	22	223.72	49.22
1861	2024	10	833	0	22	167.33	36.81
1857	2024	10	1242	0	4	4499.36	179.97
1863	2024	10	835	0	10	223.5	22.35
1864	2024	10	836	0	10	408	40.8
1864	2024	10	836	0	22	5	1.1
1862	2024	10	1244	0	22	348.36	76.64
1866	2024	10	838	0	22	198.8	43.74
1867	2024	10	1531	0	22	72.41	15.93
1868	2024	10	840	0	22	9.9	2.18
1869	2024	10	841	0	22	777.42	171.03
1870	2024	10	1522	0	10	88.22	8.82
1871	2024	10	843	0	22	163.87	36.05
0	2024	20	332	1	10	1721.636	172.1637
0	2024	20	332	1	0	439.5	0
0	2024	20	332	2	10	712.5454	71.25456
1873	2024	10	845	0	22	9.9	2.18
0	2024	20	322	1	10	1041.718	104.1718
0	2024	20	322	1	0	308.01	0
0	2024	20	322	2	10	483.8182	48.38183
0	2024	20	152	1	10	897.3636	89.73638
0	2024	20	152	1	0	80.8	0
0	2024	20	152	2	10	334.5454	33.45455
1876	2024	10	848	0	10	206	20.6
1876	2024	10	848	0	22	5	1.1
1877	2024	10	849	0	22	455.08	100.12
1878	2024	10	850	0	22	200	44
1879	2024	10	851	0	22	163.59	35.99
1880	2024	10	852	0	4	33.94	1.36
0	2024	20	193	1	10	1420.473	142.0473
1882	2024	10	854	0	22	9.84	2.16
1883	2024	10	855	0	22	37.2	8.19
1884	2024	10	856	0	4	2.86	0.11
1885	2024	10	1512	0	22	22.92	5.04
1886	2025	10	1243	0	22	6.48	1.42
1886	2025	10	1243	0	4	3.83	0.15
1887	2024	10	1514	0	4	128	5.12
1888	2024	10	1237	0	4	1864	74.56
1889	2024	10	1359	0	4	446	17.84
1890	2024	10	1362	0	4	1575	63
1891	2024	10	1515	0	4	1425.9	57.04
2561	2024	10	1516	0	10	253.91	25.39
1897	2024	10	1517	0	10	276.06	27.6
1898	2024	10	1518	0	10	67.7	6.77
1899	2024	10	1519	0	10	107.84	10.78
1900	2024	10	1520	0	10	67.7	6.77
1901	2024	10	1521	0	10	41.04	4.1
1834	2024	10	1448	0	22	149	32.78
1903	2025	10	1245	0	22	174.3	38.35
0	2024	20	5	1	0	442.3	0
1896	2024	10	865	0	4	6.06	0.24
0	2024	20	5	2	10	942.9091	94.29093
0	2024	20	7	1	10	980.5	98.05002
0	2024	20	6	1	10	1523.564	152.3564
0	2024	20	6	1	0	441.48	0
0	2024	20	6	2	10	983.0909	98.30911
0	2024	20	6	2	0	2.2	0
0	2024	20	7	1	0	349.95	0
0	2024	20	7	2	10	372.1818	37.21819
0	2024	20	8	1	10	802.7454	80.27457
0	2024	20	8	1	0	469.28	0
0	2024	20	8	2	10	395.6364	39.56364
0	2024	20	8	2	0	3.9	0
1846	2024	10	1503	0	10	1876.5	187.65
1905	2024	10	1504	0	10	805.25	80.53
1906	2024	10	1505	0	22	312.3	68.71
1850	2025	10	749	0	4	58	2.32
1907	2024	10	876	0	22	16.27	3.58
1908	2025	10	750	0	22	5367.63	1180.88
1911	2025	10	751	0	22	85	18.7
0	2024	20	10	1	10	772.3636	77.23638
0	2024	20	10	1	0	530.1	0
0	2024	20	10	2	10	428.7273	42.87274
1910	2024	10	879	0	4	324	12.96
1910	2024	10	879	0	22	1	0.22
1912	2025	10	752	0	22	69.5	15.29
1915	2025	10	753	0	5	6	0.3
1913	2024	10	882	0	4	324	12.96
1913	2024	10	882	0	22	1	0.22
0	2024	20	179	1	10	992.0818	99.20821
0	2024	20	188	1	10	926.1818	92.6182
0	2024	20	188	1	0	250.6	0
1836	2024	10	1392	0	22	2008.5	441.87
1895	2024	10	885	0	4	324	12.96
1895	2024	10	885	0	22	1	0.22
0	2024	20	188	2	10	470.7273	47.07274
0	2024	20	239	1	10	1469.5	146.95
0	2024	20	239	1	0	368.17	0
1915	2025	10	753	0	22	232.6	51.17
1918	2025	10	754	0	22	174.3	38.35
1919	2025	10	755	0	22	167.16	36.78
1920	2025	10	756	0	22	245.3	53.97
1921	2025	10	757	0	5	12	0.6
1923	2024	10	892	0	10	182.76	18.28
1916	2024	10	893	0	4	324	12.96
1916	2024	10	893	0	22	1	0.22
1924	2024	10	894	0	10	23.04	2.3
1925	2024	10	895	0	4	135	5.4
1925	2024	10	895	0	10	44.85	4.49
1926	2024	10	896	0	22	3.99	0.88
1927	2024	10	897	0	4	42	1.68
1927	2024	10	897	0	10	123.96	12.4
1928	2024	10	898	0	4	98.4	3.94
1928	2024	10	898	0	5	11.76	0.59
1928	2024	10	898	0	10	119.65	11.97
1929	2024	10	899	0	10	166.33	16.63
1930	2024	10	900	0	10	34.56	3.46
1931	2024	10	901	0	10	60.7	6.07
1931	2024	10	901	0	22	13.04	2.87
1937	2024	10	902	0	4	37.8	1.51
1937	2024	10	902	0	10	40.5	4.05
1937	2024	10	902	0	22	3.99	0.88
1938	2024	10	903	0	10	140.6	14.06
1939	2024	10	904	0	10	13.34	1.33
1940	2024	10	905	0	10	44.85	4.49
1940	2024	10	905	0	22	3.99	0.88
1941	2024	10	906	0	10	112.44	11.24
1942	2024	10	907	0	4	50.4	2.02
1942	2024	10	907	0	10	135.48	13.55
1943	2024	10	908	0	10	28.8	2.88
1944	2024	10	909	0	4	90.1	3.6
1944	2024	10	909	0	10	75.7	7.57
1945	2024	10	910	0	10	34.54	3.45
1945	2024	10	910	0	22	83.1	18.28
1946	2024	10	911	0	4	67.5	2.7
1947	2024	10	912	0	10	62.41	6.24
1948	2024	10	913	0	4	42	1.68
1948	2024	10	913	0	10	112.44	11.24
1949	2024	10	914	0	4	89.5	3.58
1949	2024	10	914	0	10	29	2.9
1949	2024	10	914	0	22	3.99	0.88
1950	2024	10	915	0	10	33.67	3.37
1951	2024	10	916	0	4	42	1.68
1951	2024	10	916	0	10	112.44	11.24
1952	2024	10	917	0	4	45	1.8
1952	2024	10	917	0	10	138.05	13.81
1953	2024	10	918	0	4	71.2	2.85
1953	2024	10	918	0	10	119.75	11.98
1954	2024	10	919	0	4	135	5.4
1954	2024	10	919	0	10	75.85	7.59
1955	2024	10	920	0	10	150.37	15.04
1956	2024	10	921	0	5	11.76	0.59
1956	2024	10	921	0	10	29	2.9
1956	2024	10	921	0	22	3.99	0.88
1957	2024	10	922	0	4	25.2	1.01
1957	2024	10	922	0	10	79.26	7.93
1958	2024	10	1544	0	10	124.53	12.45
1959	2024	10	1545	0	10	153.62	15.36
1961	2024	10	1546	0	10	152.15	15.22
1961	2024	10	1546	0	0	-0.01	0
1960	2024	10	925	0	4	45	1.8
1960	2024	10	925	0	10	93.99	9.4
1962	2024	10	1547	0	10	139.83	13.98
1968	2024	10	1548	0	10	5.79	0.58
1963	2024	10	928	0	4	135	5.4
1963	2024	10	928	0	10	47.5	4.75
1963	2024	10	928	0	22	13.04	2.87
1964	2024	10	929	0	4	22.5	0.9
1964	2024	10	929	0	10	35.2	3.52
1964	2024	10	929	0	22	13.04	2.87
1965	2024	10	930	0	4	91.2	3.65
1965	2024	10	930	0	10	59.8	5.98
1965	2024	10	930	0	22	3.99	0.88
1966	2024	10	931	0	10	75.37	7.54
1967	2024	10	932	0	4	50.4	2.02
1967	2024	10	932	0	10	123.96	12.4
1969	2024	10	1549	0	10	68.77	6.88
1970	2024	10	1422	0	10	69.72	6.97
1972	2024	10	1550	0	10	155.04	15.5
1975	2024	10	1551	0	10	69.82	6.98
1976	2024	10	1552	0	10	48.21	4.82
1971	2024	10	936	0	10	114.44	11.44
1979	2024	10	1553	0	10	154.07	15.41
1973	2024	10	938	0	4	67.5	2.7
1973	2024	10	938	0	10	55.9	5.59
1974	2024	10	939	0	4	16.8	0.67
1974	2024	10	939	0	10	11.52	1.15
1977	2024	10	940	0	10	215.21	21.52
1978	2024	10	941	0	10	39.37	3.94
1980	2024	10	1554	0	10	354.46	35.45
1983	2025	10	1250	0	4	267.72	10.71
1983	2025	10	1250	0	10	25.71	2.57
1981	2024	10	1403	0	10	122.85	12.29
1982	2024	10	945	0	10	95.55	9.56
1994	2025	10	1251	0	4	104.76	4.19
1998	2024	10	1555	0	10	405.63	40.56
1984	2024	10	947	0	4	268.69	10.75
1984	2024	10	947	0	10	26.5	2.65
1985	2024	10	948	0	4	108.64	4.35
1986	2024	10	949	0	10	44	4.4
1986	2024	10	949	0	22	205.24	45.15
1987	2024	10	950	0	10	700	70
1988	2024	10	951	0	4	18.9	0.76
1988	2024	10	951	0	10	29	2.9
1989	2024	10	952	0	4	403.52	16.14
1989	2024	10	952	0	10	26.5	2.65
1990	2024	10	1279	0	10	114.34	11.43
1991	2024	10	954	0	10	1911.25	191.13
1992	2024	10	955	0	4	429.71	17.19
1992	2024	10	955	0	10	26.5	2.65
1993	2024	10	956	0	4	162.96	6.52
2000	2024	10	980	0	4	275.7	11.03
1995	2024	10	958	0	4	429.71	17.19
1995	2024	10	958	0	10	26.5	2.65
1996	2024	10	959	0	4	108.64	4.35
1997	2024	10	960	0	4	108.64	4.35
2000	2024	10	980	0	10	169.4	16.94
2000	2024	10	980	0	22	1.6	0.35
2013	2024	10	1483	0	4	148.71	5.95
1999	2024	10	962	0	10	97.5	9.75
2013	2024	10	1483	0	10	207.74	20.77
2013	2024	10	1483	0	22	1.6	0.35
1921	2025	10	757	0	22	191.7	42.17
1922	2025	10	758	0	22	108.43	23.85
2002	2024	10	1507	0	4	4650.9	186.04
2003	2024	10	1509	0	10	3.18	0.32
2004	2024	10	967	0	4	27.53	1.1
2004	2024	10	967	0	10	286.69	28.67
2004	2024	10	967	0	22	1.6	0.35
2005	2024	10	968	0	4	27.53	1.1
2005	2024	10	968	0	10	423.33	42.33
2005	2024	10	968	0	22	1.6	0.35
2001	2025	10	759	0	5	6	0.3
2001	2025	10	759	0	22	295.3	64.97
2007	2024	10	970	0	22	3275.14	720.53
2007	2024	10	970	0	0	1.33	0
2008	2024	10	971	0	4	69.88	2.8
2008	2024	10	971	0	10	414.17	41.42
2008	2024	10	971	0	22	1.6	0.35
2009	2024	10	972	0	10	264.69	26.47
2009	2024	10	972	0	22	1.6	0.35
2010	2024	10	973	0	10	514.84	51.48
2010	2024	10	973	0	22	1.6	0.35
2011	2024	10	974	0	22	31.3	6.89
2012	2024	10	1561	0	10	209.89	20.99
2016	2024	10	1479	0	4	536.25	21.45
2016	2024	10	1479	0	10	766.8	76.68
2014	2024	10	1562	0	10	1174.07	117.41
2015	2024	10	1558	0	10	848.1	84.81
2017	2024	10	1105	0	4	294.9	11.8
2017	2024	10	1105	0	10	702.86	70.29
2017	2024	10	1105	0	22	1.6	0.35
2018	2024	10	1476	0	4	362.48	14.5
2018	2024	10	1476	0	10	624.68	62.47
2016	2024	10	1479	0	22	1.6	0.35
2057	2024	10	1482	0	4	525.55	21.02
2057	2024	10	1482	0	10	1565.1	156.51
2018	2024	10	1476	0	22	7.84	1.72
2019	2025	10	1252	0	22	90	19.8
2025	2025	10	1253	0	10	129.5	12.95
2020	2024	10	982	0	4	27.53	1.1
2020	2024	10	982	0	10	407.6	40.76
2020	2024	10	982	0	22	1.6	0.35
2021	2024	10	983	0	4	568.3	22.73
2021	2024	10	983	0	10	290.37	29.04
2021	2024	10	983	0	22	1.6	0.35
2022	2024	10	984	0	10	128.36	12.84
2023	2024	10	985	0	10	14	1.4
2023	2024	10	985	0	22	185.04	40.71
2024	2024	10	986	0	10	311.49	31.15
2144	2025	10	1254	0	22	340.71	74.96
2518	2025	10	1255	0	10	74	7.4
2524	2025	10	1256	0	10	55.5	5.55
2524	2025	10	1256	0	22	5	1.1
2670	2025	10	1257	0	22	157.14	34.57
2027	2024	10	989	0	10	244.63	24.46
2028	2024	10	990	0	10	132.32	13.23
2029	2024	10	991	0	4	27.53	1.1
2029	2024	10	991	0	10	251.99	25.2
2029	2024	10	991	0	22	1.6	0.35
2030	2024	10	992	0	10	47.18	4.72
2031	2024	10	993	0	10	67.7	6.77
2032	2024	10	994	0	10	227.69	22.77
2033	2024	10	995	0	10	128.36	12.84
2034	2024	10	996	0	10	105.67	10.57
0	2024	20	239	2	10	607.6364	60.76365
1935	2024	10	1526	0	10	129.55	12.95
2036	2024	10	998	0	10	108.74	10.87
1936	2024	10	1527	0	10	144	14.4
2035	2024	10	1528	0	10	149.55	14.95
2037	2024	10	1000	0	10	67.7	6.77
0	2024	20	193	1	0	622.69	0
2039	2024	10	1002	0	10	160.84	16.08
0	2024	20	193	2	10	575.6364	57.56365
0	2024	20	194	1	10	1158.818	115.8818
2042	2024	10	1005	0	10	67.7	6.77
2043	2024	10	1006	0	10	70.76	7.08
2044	2024	10	1007	0	10	520	52
2045	2024	10	1008	0	22	134	29.48
2046	2024	10	1009	0	22	246.3	54.19
2047	2024	10	1010	0	22	49.1	10.8
2048	2024	10	1011	0	4	1359.6	54.38
2049	2024	10	1012	0	22	82.4	18.13
2050	2024	10	1013	0	22	180.26	39.66
2051	2024	10	1014	0	22	198	43.56
2052	2024	10	1015	0	22	392.3	86.31
2053	2024	10	1016	0	22	166.8	36.7
2054	2024	10	1017	0	4	6070.2	242.81
2055	2024	10	1018	0	22	372.04	81.85
2059	2024	10	1019	0	22	45	9.9
2060	2024	10	1020	0	22	349.76	76.95
2061	2024	10	1021	0	4	591.8	23.67
2062	2024	10	1022	0	5	14	0.7
2062	2024	10	1022	0	22	207.8	45.72
2063	2024	10	1023	0	10	288	28.8
2063	2024	10	1023	0	22	5	1.1
2064	2024	10	1024	0	22	87.69	19.29
2065	2024	10	1025	0	22	50.11	11.02
2066	2024	10	1026	0	22	260.6	57.33
2067	2024	10	1027	0	22	180	39.6
2058	2024	10	1028	0	22	810.88	178.39
2069	2024	10	1029	0	10	185	18.5
2069	2024	10	1029	0	22	5	1.1
2070	2024	10	1030	0	22	169.53	37.3
2071	2024	10	1031	0	4	541.9	21.68
2072	2024	10	1032	0	4	490.4	19.62
2073	2024	10	1033	0	10	122	12.2
2073	2024	10	1033	0	22	5	1.1
2074	2024	10	1034	0	22	58.26	12.82
2075	2024	10	1035	0	22	224.24	49.33
2076	2024	10	1036	0	10	268	26.8
2076	2024	10	1036	0	22	5	1.1
2068	2024	10	1037	0	22	167.55	36.86
2078	2024	10	1038	0	10	82	8.2
2079	2024	10	1039	0	10	123	12.3
2079	2024	10	1039	0	22	5	1.1
2080	2024	10	1040	0	10	124	12.4
2080	2024	10	1040	0	22	5	1.1
2077	2024	10	1041	0	10	165	16.5
2077	2024	10	1041	0	22	5	1.1
2082	2024	10	1042	0	10	7.09	0.71
2083	2024	10	1043	0	10	5.91	0.59
2084	2024	10	1044	0	4	1.9	0.08
2085	2024	10	1045	0	22	7.13	1.57
2086	2024	10	1046	0	10	7.09	0.71
2087	2024	10	1047	0	22	35.2	7.74
2088	2024	10	1048	0	22	3.48	0.77
2088	2024	10	1048	0	10	9.09	0.91
2089	2024	10	1049	0	22	21.31	4.69
2090	2024	10	1050	0	4	152	6.08
2081	2024	10	1051	0	10	266.71	26.67
2081	2024	10	1051	0	0	2.42	0
2092	2024	10	1052	0	4	270	10.8
2092	2024	10	1052	0	22	1	0.22
2091	2024	10	1053	0	4	324	12.96
2091	2024	10	1053	0	22	1	0.22
2093	2024	10	1054	0	4	270	10.8
2093	2024	10	1054	0	22	1	0.22
2094	2024	10	1055	0	4	324	12.96
2094	2024	10	1055	0	22	1	0.22
2095	2024	10	1056	0	4	18.9	0.76
2096	2024	10	1057	0	4	45	1.8
2096	2024	10	1057	0	10	29.9	2.99
2097	2024	10	1058	0	10	47.9	4.79
2098	2024	10	1059	0	10	82.64	8.26
2099	2024	10	1060	0	4	50.4	2.02
2099	2024	10	1060	0	10	123.96	12.4
2100	2024	10	1061	0	10	70.84	7.08
2101	2024	10	1062	0	4	10.27	0.41
2102	2024	10	1063	0	4	45	1.8
2102	2024	10	1063	0	10	41.77	4.18
2102	2024	10	1063	0	22	13.04	2.87
2103	2024	10	1064	0	10	107.3	10.73
2104	2024	10	1065	0	10	87.56	8.76
2104	2024	10	1065	0	22	83.34	18.33
2105	2024	10	1066	0	4	70.5	2.82
2105	2024	10	1066	0	10	50.4	5.04
2106	2024	10	1067	0	4	50.4	2.02
2106	2024	10	1067	0	10	138.86	13.89
2107	2024	10	1068	0	4	91.2	3.65
2107	2024	10	1068	0	10	70.19	7.02
2107	2024	10	1068	0	22	3.99	0.88
2108	2024	10	1069	0	10	82.99	8.3
2109	2024	10	1070	0	4	119	4.76
2109	2024	10	1070	0	10	85.14	8.51
2109	2024	10	1070	0	22	3.99	0.88
2110	2024	10	1071	0	4	119	4.76
2110	2024	10	1071	0	10	88.8	8.88
2110	2024	10	1071	0	22	3.99	0.88
2111	2024	10	1072	0	4	70.5	2.82
2111	2024	10	1072	0	10	160.95	16.1
2112	2024	10	1073	0	10	109.64	10.96
2113	2024	10	1074	0	4	23.8	0.95
2113	2024	10	1074	0	10	62.05	6.21
2113	2024	10	1074	0	22	13.04	2.87
2114	2024	10	1075	0	10	79.51	7.95
2115	2024	10	1076	0	4	53.4	2.14
2115	2024	10	1076	0	10	48.8	4.88
2115	2024	10	1076	0	22	3.99	0.88
2116	2024	10	1077	0	4	50.4	2.02
2116	2024	10	1077	0	10	138.86	13.89
2117	2024	10	1078	0	10	40.93	4.09
2118	2024	10	1079	0	4	16.8	0.67
2118	2024	10	1079	0	10	92.16	9.22
2119	2024	10	1080	0	4	23.8	0.95
2119	2024	10	1080	0	10	14.95	1.5
2120	2024	10	1081	0	4	93	3.72
2120	2024	10	1081	0	10	62	6.2
2120	2024	10	1081	0	22	13.04	2.87
2121	2024	10	1082	0	10	61.88	6.19
2122	2024	10	1083	0	22	92.52	20.35
2123	2024	10	1084	0	10	14	1.4
2123	2024	10	1084	0	22	92.52	20.35
2124	2024	10	1085	0	4	268.69	10.75
2124	2024	10	1085	0	10	25.71	2.57
2125	2024	10	1086	0	10	14	1.4
2125	2024	10	1086	0	22	112.72	24.8
2126	2024	10	1087	0	4	135.8	5.43
2127	2024	10	1088	0	4	108.64	4.35
2128	2024	10	1089	0	10	1464.5	146.45
2129	2024	10	1090	0	4	54.32	2.17
2130	2024	10	1091	0	10	625.5	62.55
2131	2024	10	1092	0	4	349.2	13.97
2131	2024	10	1092	0	10	25.71	2.57
2132	2024	10	1093	0	4	54.32	2.17
2133	2024	10	1094	0	10	97.5	9.75
2134	2024	10	1095	0	22	3808.2	837.8
2135	2024	10	1096	0	22	716.75	157.69
2136	2024	10	1097	0	10	474.28	47.43
2136	2024	10	1097	0	22	1.6	0.35
2137	2024	10	1098	0	10	35	3.5
2137	2024	10	1098	0	22	92.52	20.35
2138	2024	10	1099	0	10	272.54	27.25
2138	2024	10	1099	0	22	1.6	0.35
2139	2024	10	1100	0	4	27.53	1.1
2139	2024	10	1100	0	10	212.84	21.28
2139	2024	10	1100	0	22	1.6	0.35
2140	2024	10	1101	0	4	27.53	1.1
2140	2024	10	1101	0	10	267.84	26.78
2140	2024	10	1101	0	22	1.6	0.35
2141	2024	10	1102	0	4	27.53	1.1
2141	2024	10	1102	0	10	408.72	40.87
2141	2024	10	1102	0	22	1.6	0.35
2142	2024	10	1103	0	10	67.8	6.78
2142	2024	10	1103	0	22	1.6	0.35
2143	2024	10	1104	0	4	46.05	1.84
2143	2024	10	1104	0	10	452.98	45.3
2143	2024	10	1104	0	22	1.6	0.35
2757	2025	10	1258	0	22	131.61	28.95
2762	2025	10	1259	0	22	295.42	64.99
2765	2025	10	1260	0	22	77.62	17.08
2145	2024	10	1106	0	10	312.7	31.27
2146	2024	10	1107	0	10	111.8	11.18
2147	2024	10	1108	0	10	88.22	8.82
2148	2024	10	1109	0	10	128.36	12.84
2149	2024	10	1110	0	10	194.02	19.4
2149	2024	10	1110	0	22	187.82	41.32
2150	2024	10	1111	0	10	47.18	4.72
2151	2024	10	1112	0	10	47.18	4.72
2152	2024	10	1113	0	4	268.69	10.75
2152	2024	10	1113	0	10	25.71	2.57
2153	2024	10	1114	0	10	128.36	12.84
2154	2024	10	1115	0	10	255.52	25.55
2155	2024	10	1116	0	10	305.76	30.58
2156	2024	10	1117	0	10	128.36	12.84
2157	2024	10	1118	0	10	23.59	2.36
2158	2024	10	1119	0	10	520	52
2159	2024	10	1120	0	10	173.49	17.35
2160	2024	10	1121	0	22	107.42	23.63
2161	2024	10	1122	0	22	5327.27	1172
2162	2024	10	1123	0	5	7	0.35
2162	2024	10	1123	0	22	105.42	23.19
2163	2024	10	1124	0	5	7	0.35
2163	2024	10	1124	0	22	233.6	51.39
2164	2024	10	1125	0	5	7	0.35
2164	2024	10	1125	0	22	210.6	46.33
2165	2024	10	1126	0	5	14	0.7
2165	2024	10	1126	0	22	253.3	55.73
2166	2024	10	1127	0	22	320.7	70.55
2167	2024	10	1128	0	22	93.68	20.61
2168	2024	10	1129	0	22	44	9.68
2169	2024	10	1130	0	22	721.7	158.77
2170	2024	10	1131	0	4	3955.2	158.21
2170	2024	10	1131	0	10	30	3
2171	2024	10	1132	0	22	231.73	50.98
2172	2024	10	1133	0	5	7	0.35
2172	2024	10	1133	0	22	189.1	41.6
2173	2024	10	1134	0	22	186.7	41.07
2174	2024	10	1135	0	22	46.8	10.3
2175	2024	10	1136	0	10	124	12.4
2175	2024	10	1136	0	22	5	1.1
2176	2024	10	1137	0	10	144	14.4
2176	2024	10	1137	0	22	5	1.1
2177	2024	10	1138	0	22	60	13.2
2178	2024	10	1139	0	22	243.97	53.67
2179	2024	10	1140	0	4	1217	48.68
2180	2024	10	1141	0	10	164	16.4
2180	2024	10	1141	0	22	5	1.1
2181	2024	10	1142	0	22	145	31.9
0	2024	20	194	1	0	196.3	0
2182	2024	10	1144	0	4	482.5	19.3
2183	2024	10	1145	0	22	278.02	61.16
2184	2024	10	1146	0	10	164	16.4
2184	2024	10	1146	0	22	5	1.1
2185	2024	10	1147	0	22	54.53	12
2186	2024	10	1148	0	22	75.45	16.6
2187	2024	10	1149	0	4	782.7	31.31
2188	2024	10	1150	0	10	124	12.4
2189	2024	10	1151	0	10	268	26.8
2189	2024	10	1151	0	22	5	1.1
2190	2024	10	1152	0	22	256.38	56.4
2191	2024	10	1153	0	4	743.7	29.75
2192	2024	10	1154	0	22	314.61	69.21
2193	2024	10	1155	0	4	3.83	0.15
2194	2024	10	1156	0	22	12.05	2.65
2195	2024	10	1157	0	4	3.85	0.15
2196	2024	10	1158	0	4	24	0.96
2197	2024	10	1159	0	22	6.72	1.48
2198	2024	10	1160	0	22	30.83	6.78
2199	2024	10	1161	0	22	16293.18	3584.5
2200	2024	10	1162	0	4	189	7.56
2200	2024	10	1162	0	22	1	0.22
2201	2024	10	1163	0	4	189	7.56
2201	2024	10	1163	0	22	1	0.22
2202	2024	10	1164	0	4	47.6	1.9
2202	2024	10	1164	0	10	32.55	3.26
2203	2024	10	1165	0	4	270	10.8
2203	2024	10	1165	0	22	1	0.22
2204	2024	10	1166	0	10	85.29	8.53
2205	2024	10	1167	0	4	270	10.8
2205	2024	10	1167	0	22	1	0.22
2206	2024	10	1168	0	4	23.8	0.95
2206	2024	10	1168	0	10	58.9	5.89
2207	2024	10	1169	0	10	23.04	2.3
2210	2024	10	1170	0	10	83.69	8.37
2211	2024	10	1171	0	4	50.4	2.02
2212	2024	10	1172	0	4	91.2	3.65
2212	2024	10	1172	0	5	12.39	0.62
2212	2024	10	1172	0	10	59.8	5.98
2212	2024	10	1172	0	0	4.87	0
2213	2024	10	1173	0	4	23.8	0.95
2213	2024	10	1173	0	10	50.27	5.03
2213	2024	10	1173	0	22	10.55	2.32
2214	2024	10	1174	0	4	50.4	2.02
2214	2024	10	1174	0	10	23.04	2.3
2215	2024	10	1175	0	4	216	8.64
2215	2024	10	1175	0	22	1	0.22
2216	2024	10	1176	0	10	26.5	2.65
2217	2024	10	1177	0	10	252.36	25.24
2218	2024	10	1178	0	4	23.8	0.95
2218	2024	10	1178	0	10	14.95	1.5
2218	2024	10	1178	0	22	13.04	2.87
2219	2024	10	1179	0	10	27.38	2.74
2220	2024	10	1180	0	10	107.25	10.73
2221	2024	10	1181	0	4	73.4	2.94
2221	2024	10	1181	0	10	59.8	5.98
2221	2024	10	1181	0	22	3.99	0.88
2222	2024	10	1182	0	4	82.3	3.29
2222	2024	10	1182	0	5	12.39	0.62
2222	2024	10	1182	0	10	44.85	4.49
2222	2024	10	1182	0	0	5.56	0
2223	2024	10	1183	0	4	71.4	2.86
2223	2024	10	1183	0	10	43.4	4.34
2223	2024	10	1183	0	22	13.04	2.87
2224	2024	10	1184	0	4	33.6	1.34
2224	2024	10	1184	0	10	23.04	2.3
2225	2024	10	1185	0	4	60.1	2.4
2225	2024	10	1185	0	10	13.5	1.35
2226	2024	10	1186	0	10	71.47	7.15
2227	2024	10	1187	0	4	33.6	1.34
2227	2024	10	1187	0	10	46.08	4.61
2228	2024	10	1188	0	10	26.8	2.68
2229	2024	10	1189	0	10	61.74	6.17
2230	2024	10	1190	0	10	66.43	6.64
2231	2024	10	1191	0	4	96.4	3.86
2231	2024	10	1191	0	10	43	4.3
2231	2024	10	1191	0	22	13.04	2.87
2232	2024	10	1192	0	10	3.95	0.4
2233	2024	10	1193	0	4	108.64	4.35
2234	2024	10	1194	0	4	349.2	13.97
2235	2024	10	1195	0	4	108.64	4.35
2236	2024	10	1196	0	10	14	1.4
2236	2024	10	1196	0	22	92.52	20.35
2237	2024	10	1197	0	4	108.64	4.35
2238	2024	10	1198	0	4	349.2	13.97
2238	2024	10	1198	0	10	25.71	2.57
2239	2024	10	1199	0	4	108.64	4.35
2240	2024	10	1200	0	10	14	1.4
2240	2024	10	1200	0	22	92.52	20.35
2241	2024	10	1201	0	4	268.69	10.75
2241	2024	10	1201	0	10	25.71	2.57
2242	2024	10	1202	0	4	268.69	10.75
2242	2024	10	1202	0	10	25.71	2.57
2243	2024	10	1203	0	10	14	1.4
2243	2024	10	1203	0	22	112.72	24.8
2244	2024	10	1204	0	10	630.5	63.05
2245	2024	10	1205	0	4	54.32	2.17
2246	2024	10	1206	0	22	92.52	20.35
2247	2024	10	1207	0	10	28	2.8
2247	2024	10	1207	0	22	92.52	20.35
2248	2024	10	1208	0	4	241.53	9.66
2248	2024	10	1208	0	10	25.71	2.57
2249	2024	10	1209	0	22	113.5	24.97
2250	2024	10	1210	0	22	8.11	1.79
2251	2024	10	1211	0	22	223.32	49.13
2252	2024	10	1212	0	4	300.58	12.02
2252	2024	10	1212	0	10	596.7	59.67
2252	2024	10	1212	0	22	1.6	0.35
2253	2024	10	1213	0	10	416.89	41.69
2253	2024	10	1213	0	22	1.6	0.35
2254	2024	10	1214	0	10	117.1	11.71
2254	2024	10	1214	0	22	1.6	0.35
2255	2024	10	1215	0	4	27.53	1.1
2255	2024	10	1215	0	10	305.95	30.6
2255	2024	10	1215	0	22	1.6	0.35
2256	2024	10	1216	0	4	27.53	1.1
2256	2024	10	1216	0	10	452.14	45.21
2256	2024	10	1216	0	22	1.6	0.35
2257	2024	10	1217	0	4	44.15	1.77
2257	2024	10	1217	0	10	9.26	0.93
2257	2024	10	1217	0	22	1.6	0.35
2258	2024	10	1218	0	4	27.53	1.1
2258	2024	10	1218	0	10	502.78	50.28
2258	2024	10	1218	0	22	1.6	0.35
2259	2024	10	1219	0	10	253.75	25.38
2259	2024	10	1219	0	22	1.6	0.35
2260	2024	10	1220	0	10	111.8	11.18
2261	2024	10	1221	0	10	447.99	44.8
2261	2024	10	1221	0	22	1.6	0.35
2262	2024	10	1222	0	4	270.75	10.83
2262	2024	10	1222	0	10	212.27	21.23
2262	2024	10	1222	0	22	1.6	0.35
2263	2024	10	1223	0	10	85.94	8.59
2264	2024	10	1224	0	10	280.13	28.01
2265	2024	10	1225	0	10	184.41	18.44
2266	2024	10	1226	0	10	296.38	29.64
2267	2024	10	1227	0	10	88.22	8.82
2268	2024	10	1228	0	10	106.7	10.67
2269	2024	10	1229	0	10	88.22	8.82
2270	2024	10	1230	0	10	128.36	12.84
2271	2024	10	1231	0	22	3105.53	683.22
2271	2024	10	1231	0	0	0.25	0
2272	2024	10	1232	0	10	1459.5	145.95
2273	2024	10	1233	0	22	9.26	2.04
2274	2024	10	1234	0	10	67.7	6.77
2275	2024	10	1235	0	10	520	52
2276	2024	10	1236	0	22	66	14.52
0	2024	20	194	2	10	649.9091	64.99092
2278	2024	10	1238	0	5	7	0.35
2278	2024	10	1238	0	22	191.3	42.09
2279	2024	10	1239	0	22	56	12.32
2280	2024	10	1240	0	22	55.9	12.3
2281	2024	10	1241	0	22	78	17.16
1865	2024	10	1246	0	22	1188.52	261.48
2282	2024	10	1371	0	4	4276.1	171.04
2283	2024	10	1243	0	22	198.36	43.64
2003	2024	10	1509	0	4	6.92	0.28
2284	2024	10	1245	0	4	4242.9	169.72
2285	2024	10	1510	0	22	6.07	1.33
2287	2024	10	1247	0	5	7	0.35
2287	2024	10	1247	0	22	124.3	27.35
2288	2024	10	1248	0	22	319.96	70.39
2289	2024	10	1249	0	22	1000	220
2290	2024	10	1250	0	22	130.8	28.78
2291	2024	10	1251	0	10	61	6.1
2291	2024	10	1251	0	22	5	1.1
2292	2024	10	1252	0	10	25	2.5
2293	2024	10	1253	0	10	82	8.2
2293	2024	10	1253	0	22	5	1.1
2294	2024	10	1254	0	10	74	7.4
2294	2024	10	1254	0	22	5	1.1
2295	2024	10	1255	0	10	185	18.5
2295	2024	10	1255	0	22	5	1.1
2296	2024	10	1256	0	10	124	12.4
2296	2024	10	1256	0	22	5	1.1
2297	2024	10	1257	0	22	24.1	5.3
2298	2024	10	1258	0	22	211.84	46.6
2299	2024	10	1259	0	10	40	4
2300	2024	10	1260	0	10	143	14.3
2300	2024	10	1260	0	22	5	1.1
2301	2024	10	1261	0	10	37	3.7
2302	2024	10	1262	0	22	234.6	51.61
2303	2024	10	1263	0	22	103.44	22.76
2304	2024	10	1264	0	10	100	10
2305	2024	10	1265	0	22	907.5	199.65
2306	2024	10	1266	0	10	230	23
2306	2024	10	1266	0	22	5	1.1
2307	2024	10	1267	0	10	74	7.4
2307	2024	10	1267	0	22	5	1.1
2308	2024	10	1268	0	22	218.35	48.04
2309	2024	10	1269	0	22	125.28	27.56
2310	2024	10	1270	0	10	20	2
2311	2024	10	1271	0	22	247.43	54.43
2312	2024	10	1272	0	22	7.38	1.62
2313	2024	10	1273	0	22	12.87	2.83
2313	2024	10	1273	0	10	1.59	0.16
2314	2024	10	1274	0	22	6.64	1.46
2315	2024	10	1275	0	22	32.01	7.04
2316	2024	10	1276	0	4	3.85	0.15
2317	2024	10	1277	0	22	6.8	1.5
2318	2024	10	1278	0	4	96	3.84
2319	2024	10	1283	0	10	308.65	30.87
2320	2024	10	1280	0	22	6.8	1.5
2321	2024	10	1281	0	22	6.8	1.5
2322	2024	10	1282	0	22	199.4	43.87
2323	2024	10	1321	0	10	65.7	6.57
2324	2024	10	1284	0	22	2300	506
2325	2024	10	1285	0	4	270	10.8
2325	2024	10	1285	0	22	1	0.22
2326	2024	10	1286	0	22	23.84	5.25
2327	2024	10	1287	0	22	2300	506
2328	2024	10	1288	0	4	270	10.8
2328	2024	10	1288	0	22	1	0.22
2329	2024	10	1289	0	4	1291.5	51.66
2330	2024	10	1290	0	4	270	10.8
2330	2024	10	1290	0	22	1	0.22
2331	2024	10	1291	0	10	434.04	43.4
2332	2024	10	1292	0	10	35.68	3.57
2333	2024	10	1293	0	10	78.34	7.83
2334	2024	10	1294	0	4	47.6	1.9
2335	2024	10	1295	0	4	43.8	1.75
2335	2024	10	1295	0	10	34.56	3.46
2336	2024	10	1296	0	4	216	8.64
2336	2024	10	1296	0	22	1	0.22
2337	2024	10	1297	0	4	91.2	3.65
2337	2024	10	1297	0	10	63.75	6.38
2338	2024	10	1298	0	4	47.6	1.9
2338	2024	10	1298	0	10	12.2	1.22
2338	2024	10	1298	0	22	166.68	36.67
2339	2024	10	1299	0	4	62.3	2.49
2339	2024	10	1299	0	5	12.39	0.62
2339	2024	10	1299	0	10	74.75	7.48
2339	2024	10	1299	0	0	5.56	0
2340	2024	10	1300	0	10	43.13	4.31
2341	2024	10	1301	0	10	88.08	8.81
2342	2024	10	1302	0	10	16.33	1.63
2343	2024	10	1303	0	4	37.8	1.51
2343	2024	10	1303	0	22	13.04	2.87
2344	2024	10	1304	0	4	43.8	1.75
2344	2024	10	1304	0	10	34.56	3.46
2345	2024	10	1305	0	10	16.33	1.63
2346	2024	10	1306	0	4	22.7	0.91
2346	2024	10	1306	0	10	12.2	1.22
2347	2024	10	1307	0	10	23.04	2.3
2348	2024	10	1308	0	4	43.8	1.75
2348	2024	10	1308	0	10	46.08	4.61
2349	2024	10	1309	0	4	91.2	3.65
2349	2024	10	1309	0	5	12.76	0.64
2349	2024	10	1309	0	10	59.8	5.98
2349	2024	10	1309	0	0	6.04	0
2350	2024	10	1310	0	4	43.8	1.75
2350	2024	10	1310	0	10	46.08	4.61
2351	2024	10	1311	0	10	13.36	1.34
2352	2024	10	1312	0	10	47.32	4.73
2353	2024	10	1313	0	4	36.3	1.45
2354	2024	10	1314	0	10	86.67	8.67
2355	2024	10	1315	0	4	96.4	3.86
2355	2024	10	1315	0	10	36.25	3.63
2355	2024	10	1315	0	22	13.04	2.87
2356	2024	10	1316	0	4	91.2	3.65
2356	2024	10	1316	0	10	48.8	4.88
2356	2024	10	1316	0	22	4.95	1.09
2357	2024	10	1317	0	10	89.4	8.94
2358	2024	10	1318	0	4	48.8	1.95
2359	2024	10	1319	0	10	36.98	3.7
2360	2024	10	1320	0	4	54.32	2.17
2361	2024	10	1416	0	10	252.36	25.24
2362	2024	10	1322	0	4	268.69	10.75
2362	2024	10	1322	0	10	25.71	2.57
2363	2024	10	1323	0	10	28	2.8
2363	2024	10	1323	0	22	92.52	20.35
2364	2024	10	1324	0	22	3.65	0.8
2365	2024	10	1325	0	4	349.2	13.97
2365	2024	10	1325	0	10	25.71	2.57
2366	2024	10	1326	0	4	349.2	13.97
2367	2024	10	1327	0	10	14	1.4
2367	2024	10	1327	0	22	20.2	4.44
2368	2024	10	1328	0	4	268.69	10.75
2368	2024	10	1328	0	10	25.71	2.57
2369	2024	10	1329	0	4	140	5.6
2370	2024	10	1330	0	4	162.96	6.52
2371	2024	10	1331	0	4	81.48	3.26
2372	2024	10	1332	0	10	734.75	73.48
2373	2024	10	1333	0	10	1355.25	135.53
2374	2024	10	1334	0	4	504.8	20.19
2374	2024	10	1334	0	10	660.5	66.05
2374	2024	10	1334	0	22	7	1.54
2375	2024	10	1335	0	22	92.52	20.35
2376	2024	10	1336	0	22	5.96	1.31
2377	2024	10	1337	0	4	27.53	1.1
2377	2024	10	1337	0	10	389.83	38.98
2377	2024	10	1337	0	22	1.6	0.35
2378	2024	10	1338	0	4	27.53	1.1
2378	2024	10	1338	0	10	643.66	64.37
2378	2024	10	1338	0	22	1.6	0.35
2379	2024	10	1339	0	4	27.53	1.1
2379	2024	10	1339	0	10	595.03	59.5
2379	2024	10	1339	0	22	1.6	0.35
2380	2024	10	1340	0	10	156.72	15.67
2380	2024	10	1340	0	22	1.6	0.35
2381	2024	10	1341	0	4	431.66	17.27
2381	2024	10	1341	0	10	944.6	94.46
2381	2024	10	1341	0	22	1.6	0.35
2382	2024	10	1342	0	10	132.14	13.21
2383	2024	10	1343	0	10	512.69	51.27
2383	2024	10	1343	0	22	1.6	0.35
2384	2024	10	1344	0	22	5537	1218
2385	2024	10	1345	0	10	88.22	8.82
2386	2024	10	1346	0	10	296.6	29.66
2387	2024	10	1347	0	10	128.36	12.84
2388	2024	10	1348	0	10	67.7	6.77
2389	2024	10	1349	0	10	107.84	10.78
2390	2024	10	1350	0	10	202.17	20.22
2391	2024	10	1351	0	10	67.7	6.77
2392	2024	10	1352	0	10	63.73	6.37
2393	2024	10	1353	0	10	67.7	6.77
2394	2024	10	1354	0	10	88.22	8.82
2395	2024	10	1355	0	10	67.7	6.77
2396	2024	10	1356	0	10	168.87	16.89
2397	2024	10	1357	0	10	520	52
2398	2024	10	1358	0	22	35.67	7.85
0	2024	20	195	1	10	1227.454	122.7455
2006	2025	10	760	0	22	270.36	59.48
2400	2025	10	761	0	22	281.31	61.89
2401	2024	10	1361	0	22	210.3	46.27
0	2024	20	195	1	0	382.8	0
2404	2024	10	1363	0	22	64.02	14.08
2405	2024	10	1364	0	22	107.3	23.61
2406	2024	10	1365	0	22	197.36	43.42
2407	2024	10	1366	0	22	352.9	77.64
2408	2024	10	1367	0	5	10	0.5
2408	2024	10	1367	0	22	148.34	32.63
2409	2024	10	1368	0	5	11	0.55
2409	2024	10	1368	0	22	260.6	57.33
2402	2024	10	1369	0	22	133.9	29.46
2411	2024	10	1370	0	22	196.3	43.19
2285	2024	10	1510	0	4	4.23	0.17
2413	2024	10	1372	0	4	4562.3	182.49
2414	2024	10	1373	0	22	52.47	11.54
2415	2024	10	1374	0	10	116	11.6
2415	2024	10	1374	0	22	5	1.1
2416	2024	10	1375	0	10	260.5	26.05
2416	2024	10	1375	0	22	5	1.1
2417	2024	10	1376	0	22	249.3	54.85
2418	2024	10	1377	0	22	147.9	32.54
2419	2024	10	1378	0	22	63.92	14.06
2420	2024	10	1379	0	22	86.8	19.1
2421	2024	10	1380	0	4	1194	47.76
2422	2024	10	1381	0	22	351.22	77.27
2423	2024	10	1382	0	10	148	14.8
2423	2024	10	1382	0	22	5	1.1
2424	2024	10	1383	0	22	71.55	15.74
2425	2024	10	1384	0	22	290.05	63.81
2426	2024	10	1385	0	22	162.1	35.66
2427	2024	10	1386	0	22	864	190.08
2410	2024	10	1387	0	22	208	45.76
2428	2024	10	1388	0	10	176.5	17.65
2428	2024	10	1388	0	22	5	1.1
2429	2024	10	1389	0	22	92.94	20.45
2430	2024	10	1390	0	10	121	12.1
2431	2024	10	1391	0	22	228.09	50.18
2432	2025	10	762	0	22	66	14.52
2789	2025	10	763	0	22	65	14.3
2433	2024	10	1393	0	22	37.24	8.19
2434	2024	10	1394	0	22	11.97	2.63
2434	2024	10	1394	0	10	5.09	0.51
2435	2024	10	1395	0	10	179	17.9
2435	2024	10	1395	0	22	5	1.1
2436	2024	10	1396	0	4	3.83	0.15
2437	2024	10	1397	0	22	22.7	5
2438	2024	10	1398	0	22	3000	660
2440	2024	10	1399	0	10	126	12.6
2441	2024	10	1400	0	22	17.46	3.84
2442	2024	10	1401	0	22	6.8	1.5
2443	2024	10	1402	0	10	1.31	0.13
2444	2024	10	1563	0	10	4.35	0.44
2445	2024	10	1404	0	4	6.87	0.27
2446	2024	10	1405	0	4	17.46	0.7
2447	2024	10	1406	0	22	279	61.38
2448	2024	10	1407	0	22	2.62	0.58
2448	2024	10	1407	0	4	3.65	0.15
2449	2024	10	1408	0	22	3200	704
2450	2024	10	1409	0	4	270	10.8
2450	2024	10	1409	0	22	1	0.22
2451	2024	10	1410	0	4	324	12.96
2451	2024	10	1410	0	22	1	0.22
2452	2024	10	1411	0	10	278.01	27.8
2453	2024	10	1412	0	4	270	10.8
2453	2024	10	1412	0	22	1	0.22
2454	2024	10	1413	0	10	83.55	8.36
2455	2024	10	1414	0	4	216	8.64
2455	2024	10	1414	0	22	1	0.22
2456	2024	10	1415	0	22	32.66	7.19
2477	2024	10	1498	0	10	88.22	8.82
2457	2024	10	1417	0	4	83.9	3.36
2457	2024	10	1417	0	10	32.41	3.24
2457	2024	10	1417	0	22	13.04	2.87
2458	2024	10	1418	0	4	92.7	3.71
2458	2024	10	1418	0	10	72.47	7.25
2459	2024	10	1419	0	10	101.31	10.13
2460	2024	10	1420	0	4	270	10.8
2460	2024	10	1420	0	22	1	0.22
2461	2024	10	1421	0	10	14.95	1.5
2057	2024	10	1482	0	22	1.6	0.35
2462	2024	10	1423	0	22	6.8	1.5
2463	2024	10	1424	0	10	29.8	2.98
2464	2024	10	1425	0	10	50.22	5.02
2465	2024	10	1426	0	4	17.9	0.72
2465	2024	10	1426	0	10	29.9	2.99
2465	2024	10	1426	0	22	4.95	1.09
2466	2024	10	1427	0	4	48.8	1.95
2466	2024	10	1427	0	10	12.36	1.24
2467	2024	10	1428	0	4	92.7	3.71
2467	2024	10	1428	0	10	96.78	9.68
2467	2024	10	1428	0	22	4.95	1.09
2468	2024	10	1429	0	4	36	1.44
2468	2024	10	1429	0	10	123.96	12.4
2469	2024	10	1430	0	4	72.6	2.9
2469	2024	10	1430	0	10	10.65	1.07
2470	2024	10	1431	0	10	39.37	3.94
2471	2024	10	1432	0	4	54	2.16
2471	2024	10	1432	0	10	94.16	9.42
2472	2024	10	1433	0	4	36.3	1.45
2472	2024	10	1433	0	10	25.5	2.55
2473	2024	10	1434	0	10	77.26	7.73
2474	2024	10	1435	0	4	46.2	1.85
2474	2024	10	1435	0	10	153.76	15.38
2475	2024	10	1436	0	10	54.8	5.48
2478	2024	10	1437	0	4	121.15	4.85
2478	2024	10	1437	0	10	97.78	9.78
2479	2024	10	1438	0	4	19.5	0.78
2479	2024	10	1438	0	10	12.67	1.27
2480	2024	10	1439	0	4	112.2	4.49
2480	2024	10	1439	0	5	13.19	0.66
2480	2024	10	1439	0	10	97.78	9.78
2480	2024	10	1439	0	0	6.04	0
2481	2024	10	1440	0	4	46.2	1.85
2481	2024	10	1440	0	10	153.76	15.38
2482	2024	10	1441	0	10	90.78	9.08
2483	2024	10	1442	0	4	72.6	2.9
2483	2024	10	1442	0	10	44.34	4.43
2484	2024	10	1443	0	10	88.89	8.89
2485	2024	10	1444	0	10	88.8	8.88
2486	2024	10	1445	0	4	97.6	3.9
2486	2024	10	1445	0	10	67.34	6.73
2486	2024	10	1445	0	22	13.04	2.87
2487	2024	10	1446	0	4	101.65	4.07
2487	2024	10	1446	0	5	13.35	0.67
2487	2024	10	1446	0	10	89.8	8.98
2487	2024	10	1446	0	0	6.04	0
2488	2024	10	1447	0	4	47.6	1.9
2488	2024	10	1447	0	10	6.5	0.65
2488	2024	10	1447	0	22	13.04	2.87
0	2024	20	195	2	10	727.8182	72.78184
2490	2024	10	1449	0	4	83.9	3.36
2490	2024	10	1449	0	10	9.5	0.95
2491	2024	10	1450	0	10	134.1	13.41
2492	2024	10	1451	0	10	53.19	5.32
2493	2024	10	1452	0	4	46.2	1.85
2493	2024	10	1452	0	10	34.56	3.46
2494	2024	10	1453	0	10	14	1.4
2494	2024	10	1453	0	22	112.72	24.8
3739	2024	10	1455	0	4	293.91	11.76
3739	2024	10	1455	0	10	25.71	2.57
2497	2024	10	1456	0	10	30.15	3.02
2498	2024	10	1457	0	4	54.32	2.17
2499	2024	10	1458	0	22	92.52	20.35
2500	2024	10	1459	0	22	92.52	20.35
2501	2024	10	1460	0	4	226.98	9.08
2501	2024	10	1460	0	10	25.71	2.57
2502	2024	10	1461	0	4	325.91	13.04
2502	2024	10	1461	0	10	25.71	2.5
2502	2024	10	1461	0	0	0.08	0
2504	2024	10	1463	0	10	1112	111.2
2505	2024	10	1464	0	10	733.75	73.38
3734	2024	10	1465	0	4	360.85	14.43
3734	2024	10	1465	0	10	25.71	2.56
2507	2024	10	1466	0	22	614.47	135.18
2507	2024	10	1466	0	0	278.88	0
3737	2024	10	1467	0	4	360.85	14.43
3737	2024	10	1467	0	10	25.71	2.56
2510	2024	10	1469	0	10	50.31	5.03
2511	2024	10	1470	0	4	27.53	1.1
2511	2024	10	1470	0	10	388.12	38.81
2511	2024	10	1470	0	22	1.6	0.35
2512	2024	10	1471	0	22	3800.8	836.18
2512	2024	10	1471	0	0	0.02	0
2514	2024	10	1473	0	4	27.53	1.1
2514	2024	10	1473	0	10	460.22	46.02
2514	2024	10	1473	0	22	1.6	0.35
2515	2024	10	1474	0	0	209.16	0
2517	2024	10	1475	0	4	74.67	2.99
2517	2024	10	1475	0	10	303.51	30.35
2517	2024	10	1475	0	22	1.6	0.35
2766	2025	10	1261	0	10	55.5	5.55
2766	2025	10	1261	0	22	5	1.1
2772	2025	10	1262	0	22	189.62	41.72
2519	2024	10	1477	0	10	344.83	34.48
2519	2024	10	1477	0	22	1.6	0.35
2476	2024	10	1478	0	4	180.83	7.23
2476	2024	10	1478	0	10	490.89	49.09
2476	2024	10	1478	0	22	1.6	0.35
2520	2024	10	1556	0	10	1755.77	175.58
2523	2024	10	1557	0	10	338.67	33.87
3393	2025	10	1263	0	4	14.42	0.58
2521	2024	10	1480	0	4	104.76	4.19
2522	2024	10	1481	0	10	382.66	38.27
2522	2024	10	1481	0	22	1.6	0.35
2560	2024	10	1559	0	10	271.37	27.14
2551	2024	10	1560	0	10	124.07	12.41
3394	2025	10	1264	0	4	28.85	1.15
3395	2025	10	1265	0	10	9.09	0.91
3396	2025	10	1266	0	10	2.59	0.26
3396	2025	10	1266	0	4	7.01	0.28
2525	2024	10	1484	0	10	132.14	13.21
2526	2024	10	1485	0	4	27.53	1.1
2526	2024	10	1485	0	10	181.33	18.13
2526	2024	10	1485	0	22	1.6	0.35
2527	2024	10	1486	0	10	77.4	7.74
2528	2024	10	1487	0	10	128.36	12.84
2529	2024	10	1488	0	10	44.11	4.41
2530	2024	10	1489	0	4	27.53	1.1
2530	2024	10	1489	0	10	453.76	45.38
2530	2024	10	1489	0	22	1.6	0.35
2531	2024	10	1490	0	10	128.36	12.84
2532	2024	10	1491	0	10	125.71	12.57
2533	2024	10	1492	0	10	88.22	8.82
2534	2024	10	1493	0	22	187.82	41.32
2534	2024	10	1493	0	10	160.34	16.03
2535	2024	10	1494	0	10	234.3	23.43
2536	2024	10	1495	0	10	67.7	6.77
2537	2024	10	1496	0	10	282.8	28.28
2538	2024	10	1497	0	10	160.67	16.07
2538	2024	10	1497	0	22	1.6	0.35
2539	2024	10	1500	0	10	128.36	12.84
2540	2024	10	1499	0	10	47.18	4.72
0	2024	20	361	1	10	2250.063	225.0064
2541	2024	10	1501	0	10	28	2.8
2541	2024	10	1501	0	22	205.24	45.15
0	2024	20	1	1	10	1740.173	174.0173
0	2024	20	1	1	0	223.85	0
0	2024	20	1	2	10	671.6364	67.16365
0	2024	20	1	2	0	3.5	0
0	2024	20	2	1	10	1668.364	166.8364
0	2024	20	2	1	0	224.2	0
0	2024	20	2	2	10	628.4545	62.84547
0	2024	20	2	2	0	0.51	0
0	2024	20	3	1	10	1345.891	134.5891
0	2024	20	3	1	0	401.32	0
0	2024	20	3	2	10	540.9091	54.09092
0	2024	20	3	2	0	25.2	0
0	2024	20	4	1	10	1537.5	153.75
0	2024	20	4	1	0	557.8	0
0	2024	20	4	2	10	687.3636	68.73638
0	2024	20	4	2	0	0.1	0
1858	2025	10	1246	0	4	100.88	4.04
2038	2025	10	1247	0	4	103.7	4.15
2038	2025	10	1247	0	10	25.71	2.57
2026	2025	10	1248	0	4	50.44	2.02
2040	2025	10	1249	0	4	75.96	3.04
2040	2025	10	1249	0	10	25.71	2.58
0	2024	20	217	1	10	1799.454	179.9455
0	2024	20	217	1	0	336.4	0
0	2024	20	217	2	10	999.3636	99.93639
0	2024	20	231	1	10	1370.545	137.0546
0	2024	20	231	1	0	213.1	0
0	2024	20	231	2	10	744.1818	74.4182
0	2024	20	233	1	10	2000.118	200.0119
0	2024	20	233	1	0	236.34	0
0	2024	20	233	2	10	978	97.80002
0	2024	20	234	1	10	1928.364	192.8364
0	2024	20	9	1	10	993.3182	99.33184
0	2024	20	9	1	0	248.35	0
0	2024	20	9	2	10	350.7273	35.07273
0	2024	20	9	2	0	2.35	0
0	2024	20	234	1	0	290.3	0
0	2024	20	234	2	10	859.6364	85.96365
0	2024	20	179	1	0	350.37	0
0	2024	20	11	1	10	1006.364	100.6364
0	2024	20	11	1	0	251.9	0
0	2024	20	11	2	10	579.1818	57.91819
0	2024	20	11	2	0	13.8	0
0	2024	20	12	1	10	2252.573	225.2573
0	2024	20	12	1	0	260.97	0
0	2024	20	12	2	10	789.3636	78.93638
0	2024	20	13	1	10	1407.973	140.7973
0	2024	20	13	1	0	559.63	0
0	2024	20	13	2	10	962.9091	96.29093
0	2024	20	13	2	0	6.3	0
0	2024	20	14	1	10	967.7272	96.77275
0	2024	20	14	1	0	314.7	0
0	2024	20	14	2	10	582.3636	58.23638
0	2024	20	15	1	10	703.7727	70.37729
0	2024	20	15	1	0	374.35	0
0	2024	20	15	2	10	434.3636	43.43637
0	2024	20	16	1	10	1048.745	104.8746
0	2024	20	16	1	0	238.02	0
0	2024	20	16	2	10	524.5455	52.45456
0	2024	20	17	1	10	781.9272	78.19274
0	2024	20	17	1	0	283.78	0
0	2024	20	17	2	10	424.9091	42.49092
0	2024	20	18	1	10	1216.673	121.6673
0	2024	20	18	1	0	392.73	0
0	2024	20	18	2	10	417.8182	41.78183
0	2024	20	18	2	0	0.1	0
0	2024	20	19	1	10	2149.909	214.991
0	2024	20	19	1	0	520.1	0
0	2024	20	19	2	10	950.6364	95.06366
0	2024	20	20	1	10	1828.391	182.8391
0	2024	20	20	1	0	459.06	0
0	2024	20	20	2	10	1023.455	102.3455
0	2024	20	21	1	10	816.8182	81.68184
0	2024	20	21	1	0	364.42	0
0	2024	20	21	2	10	419	41.90001
0	2024	20	22	1	10	864.5182	86.45184
0	2024	20	22	1	0	247.62	0
0	2024	20	22	2	10	349.2727	34.92728
0	2024	20	22	2	0	0.8	0
0	2024	20	23	1	10	900.6	90.06002
0	2024	20	23	1	0	320.13	0
0	2024	20	23	2	10	412.3636	41.23637
0	2024	20	23	2	0	3.1	0
0	2024	20	24	1	10	855.0545	85.50547
0	2024	20	24	1	0	189.24	0
0	2024	20	24	2	10	382.8182	38.28183
0	2024	20	25	1	10	990.1	99.01003
0	2024	20	25	1	0	321.19	0
0	2024	20	25	2	10	379.0909	37.9091
0	2024	20	25	2	0	5.38	0
0	2024	20	26	1	10	2237.4	223.7401
0	2024	20	26	1	0	368.56	0
0	2024	20	26	2	10	694.0909	69.4091
0	2024	20	27	1	10	1583.091	158.3091
0	2024	20	27	1	0	503.5	0
0	2024	20	27	2	10	990.3636	99.03638
0	2024	20	27	2	0	39	0
0	2024	20	28	1	10	539.9091	53.99092
0	2024	20	28	1	0	438.5	0
0	2024	20	28	2	10	316	31.60001
0	2024	20	28	2	0	1.8	0
0	2024	20	29	1	10	813.6454	81.36456
0	2024	20	29	1	0	304.44	0
0	2024	20	29	2	10	370	37.00001
0	2024	20	29	2	0	0.25	0
0	2024	20	30	1	10	871.4909	87.14911
0	2024	20	30	1	0	437.26	0
0	2024	20	30	2	10	381.6364	38.16364
0	2024	20	30	2	0	0.42	0
0	2024	20	31	1	10	1054.427	105.4427
0	2024	20	31	1	0	239.53	0
0	2024	20	31	2	10	459.8182	45.98183
0	2024	20	32	1	10	1228.373	122.8373
0	2024	20	32	1	0	297.94	0
0	2024	20	32	2	10	488.2727	48.82728
0	2024	20	32	2	0	0.9	0
0	2024	20	33	1	10	2006.373	200.6373
0	2024	20	33	1	0	380.19	0
0	2024	20	33	2	10	670.1818	67.0182
0	2024	20	33	2	0	4.4	0
0	2024	20	34	1	10	1602.645	160.2646
0	2024	20	34	1	0	462.09	0
0	2024	20	34	2	10	931.8182	93.18184
0	2024	20	34	2	0	0.9	0
0	2024	20	35	1	10	656.3636	65.63638
0	2024	20	35	1	0	463.2	0
0	2024	20	35	2	10	436.9091	43.69092
0	2024	20	36	1	10	965.5545	96.55547
0	2024	20	36	1	0	240.94	0
0	2024	20	36	2	10	342.0909	34.2091
0	2024	20	37	1	10	815.9	81.59002
0	2024	20	37	1	0	239.89	0
0	2024	20	37	2	10	282.1818	28.21819
0	2024	20	37	2	0	6.95	0
0	2024	20	38	1	10	866.1818	86.6182
0	2024	20	38	1	0	302	0
0	2024	20	38	2	10	449.5454	44.95456
0	2024	20	38	2	0	0.1	0
0	2024	20	39	1	10	915.7272	91.57275
0	2024	20	39	1	0	187.2	0
0	2024	20	39	2	10	411	41.10001
0	2024	20	40	1	10	2094.146	209.4146
0	2024	20	40	1	0	384.04	0
0	2024	20	40	2	10	876	87.60002
0	2024	20	40	2	0	2.6	0
0	2024	20	41	1	10	1366.991	136.6991
0	2024	20	41	1	0	492.5	0
0	2024	20	41	2	10	1052.273	105.2273
0	2024	20	42	1	10	906.6545	90.66547
0	2024	20	42	1	0	215.48	0
0	2024	20	42	2	10	446.9091	44.69092
0	2024	20	42	2	0	5.2	0
0	2024	20	43	1	10	1169.091	116.9091
0	2024	20	43	1	0	348.2	0
0	2024	20	43	2	10	452.7273	45.27274
0	2024	20	43	2	0	0.25	0
0	2024	20	44	1	10	1030.091	103.0091
0	2024	20	44	1	0	462	0
0	2024	20	44	2	10	393.3636	39.33637
0	2024	20	45	1	10	933.2727	93.32729
0	2024	20	45	1	0	139	0
0	2024	20	45	2	10	283.3636	28.33637
0	2024	20	45	2	0	9.7	0
0	2024	20	46	1	10	671.9545	67.19547
0	2024	20	46	1	0	495.6	0
0	2024	20	46	2	10	455.4545	45.54546
0	2024	20	47	1	10	2092.891	209.2891
0	2024	20	47	1	0	164.72	0
0	2024	20	47	2	10	695.3636	69.53638
0	2024	20	47	2	0	190.1	0
0	2024	20	48	1	10	1851.191	185.1191
0	2024	20	48	1	0	368.89	0
0	2024	20	48	2	10	1046.182	104.6182
0	2024	20	48	2	0	7.2	0
0	2024	20	49	1	10	772.3364	77.23365
0	2024	20	49	1	0	140.2	0
0	2024	20	150	2	0	4.24	0
0	2024	20	179	2	10	562.3636	56.23638
0	2024	20	179	2	0	8.3	0
0	2024	20	327	1	10	997.9454	99.79456
0	2024	20	327	1	0	396.76	0
0	2024	20	327	2	10	423.5454	42.35455
0	2024	20	335	1	10	857.2727	85.72729
0	2024	20	153	1	10	751.2545	75.12547
0	2024	20	153	1	0	278.12	0
0	2024	20	153	2	10	323.0909	32.3091
0	2024	20	154	1	10	945.4545	94.54548
0	2024	20	154	1	0	222.3	0
0	2024	20	154	2	10	444.9091	44.49092
0	2024	20	155	1	10	903.4545	90.34547
0	2024	20	155	1	0	226.3	0
0	2024	20	155	2	10	407.5454	40.75455
0	2024	20	155	2	0	1.5	0
0	2024	20	156	1	10	1961.082	196.1082
0	2024	20	156	1	0	349.6	0
0	2024	20	156	2	10	558.4545	55.84547
0	2024	20	157	1	10	1504.091	150.4091
0	2024	20	157	1	0	386.9	0
0	2024	20	157	2	10	802.0909	80.20911
0	2024	20	158	1	10	1049.909	104.9909
0	2024	20	158	1	0	191	0
0	2024	20	158	2	10	515.8182	51.58183
0	2024	20	158	2	0	2.45	0
0	2024	20	159	1	10	1096.182	109.6182
0	2024	20	159	1	0	349.8	0
0	2024	20	159	2	10	600.1818	60.0182
0	2024	20	159	2	0	0.9	0
0	2024	20	160	1	10	870.7272	87.07275
0	2024	20	160	1	0	291.7	0
0	2024	20	160	2	10	377.9091	37.79092
0	2024	20	160	2	0	2.2	0
0	2024	20	161	1	10	1260.727	126.0728
0	2024	20	161	1	0	287.4	0
0	2024	20	161	2	10	391.8182	39.18183
0	2024	20	161	2	0	1.5	0
0	2024	20	162	1	10	879.8091	87.98093
0	2024	20	162	1	0	222.01	0
0	2024	20	162	2	10	369.5454	36.95455
0	2024	20	162	2	0	6.8	0
0	2024	20	163	1	10	2014.436	201.4437
0	2024	20	163	1	0	120.12	0
0	2024	20	163	2	10	543.6364	54.36365
0	2024	20	163	2	0	9	0
0	2024	20	164	1	10	1420.273	142.0273
0	2024	20	164	1	0	185.4	0
0	2024	20	164	2	10	666.9091	66.69093
0	2024	20	164	2	0	7.5	0
0	2024	20	165	1	10	826.6364	82.66365
0	2024	20	165	1	0	257.2	0
0	2024	20	165	2	10	508.3636	50.83638
0	2024	20	165	2	0	0.3	0
0	2024	20	166	1	10	792.0909	79.20911
0	2024	20	166	1	0	429.1	0
0	2024	20	166	2	10	451.5454	45.15456
0	2024	20	166	2	0	5.8	0
0	2024	20	167	1	10	1096.418	109.6418
0	2024	20	167	1	0	243.19	0
0	2024	20	167	2	10	443.5454	44.35455
0	2024	20	168	1	10	1069.273	106.9273
0	2024	20	168	1	0	245.5	0
0	2024	20	168	2	10	332.4545	33.24546
0	2024	20	168	2	0	2.64	0
0	2024	20	169	1	10	1105.209	110.5209
0	2024	20	169	1	0	187.17	0
0	2024	20	169	2	10	411	41.10001
0	2024	20	170	1	10	2067.455	206.7455
0	2024	20	170	1	0	472	0
0	2024	20	170	2	10	597.2727	59.72729
0	2024	20	170	2	0	9.1	0
0	2024	20	171	1	10	1455.727	145.5728
0	2024	20	171	1	0	387.1	0
0	2024	20	171	2	10	781.6364	78.16365
0	2024	20	172	1	10	1249.273	124.9273
0	2024	20	172	1	0	231	0
0	2024	20	172	2	10	517	51.70001
0	2024	20	172	2	0	1.1	0
0	2024	20	173	1	10	855	85.50002
0	2024	20	173	1	0	390.9	0
0	2024	20	173	2	10	520.4545	52.04547
0	2024	20	174	1	10	798.5454	79.85456
0	2024	20	174	1	0	359.1	0
0	2024	20	174	2	10	423.7273	42.37274
0	2024	20	174	2	0	3.3	0
0	2024	20	175	1	10	952.1818	95.2182
0	2024	20	175	1	0	132.8	0
0	2024	20	175	2	10	422.4545	42.24546
0	2024	20	175	2	0	3.35	0
0	2024	20	176	1	10	1009.2	100.92
0	2024	20	176	1	0	285.48	0
0	2024	20	176	2	10	403.1818	40.31819
0	2024	20	176	2	0	1.8	0
0	2024	20	177	1	10	2166.091	216.6091
0	2024	20	177	1	0	274.8	0
0	2024	20	177	2	10	583.7272	58.37274
0	2024	20	177	2	0	0.1	0
0	2024	20	178	1	10	1529.818	152.9819
0	2024	20	178	1	0	299.6	0
0	2024	20	178	2	10	647.0909	64.70911
0	2024	20	178	2	0	5.65	0
0	2024	20	335	1	0	687	0
0	2024	20	335	2	10	349.2727	34.92728
0	2024	20	335	2	0	2.55	0
0	2024	20	336	1	10	1273.545	127.3546
0	2024	20	180	1	10	1336.454	133.6455
0	2024	20	180	1	0	352.5	0
0	2024	20	180	2	10	581.4545	58.14547
0	2024	20	180	2	0	13.5	0
0	2024	20	181	1	10	1369.636	136.9637
0	2024	20	181	1	0	337.5	0
0	2024	20	181	2	10	661.8091	66.18092
0	2024	20	181	2	0	7.51	0
0	2024	20	182	1	10	965.0363	96.50365
0	2024	20	182	1	0	289.06	0
0	2024	20	182	2	10	464.3636	46.43637
0	2024	20	182	2	0	0.5	0
0	2024	20	183	1	10	1132.991	113.2991
0	2024	20	183	1	0	276.33	0
0	2024	20	183	2	10	527	52.70001
0	2024	20	184	1	10	2151.927	215.1928
0	2024	20	184	1	0	251.81	0
0	2024	20	184	2	10	701.6364	70.16365
0	2024	20	184	2	0	15.14	0
0	2024	20	185	1	10	2021.909	202.1909
0	2024	20	185	1	0	626.7	0
0	2024	20	185	2	10	1292.818	129.2818
0	2024	20	185	2	0	17.3	0
0	2024	20	186	1	10	824	82.40002
0	2024	20	186	1	0	447.5	0
0	2024	20	186	2	10	508	50.80001
0	2024	20	186	2	0	19.7	0
0	2024	20	187	1	10	1028.345	102.8346
0	2024	20	187	1	0	342.62	0
0	2024	20	187	2	10	504.6364	50.46365
0	2024	20	336	1	0	272.2	0
0	2024	20	336	2	10	405.4545	40.54546
0	2024	20	342	1	10	1008.564	100.8564
0	2024	20	189	1	10	1249	124.9
0	2024	20	189	1	0	683.3	0
0	2024	20	189	2	10	640.8182	64.08183
0	2024	20	190	1	10	1175.273	117.5273
0	2024	20	190	1	0	300.1	0
0	2024	20	190	2	10	611.9091	61.19092
0	2024	20	190	2	0	3.5	0
0	2024	20	191	1	10	2273.818	227.3819
0	2024	20	191	1	0	337.64	0
0	2024	20	191	2	10	818.9091	81.89093
0	2024	20	192	1	10	1759.927	175.9928
0	2024	20	192	1	0	447.88	0
0	2024	20	192	2	10	978.1818	97.81821
0	2024	20	342	1	0	449.78	0
0	2024	20	342	2	10	406.4545	40.64546
0	2024	20	342	2	0	9.9	0
0	2024	20	345	1	10	2930	293.0001
0	2024	20	345	1	0	310	0
0	2024	20	345	2	10	890.3636	89.03638
0	2024	20	346	1	10	1878.8	187.88
0	2024	20	346	1	0	433.02	0
0	2024	20	346	2	10	1017.182	101.7182
0	2024	20	360	1	10	1555.5	155.55
0	2024	20	360	1	0	777.65	0
0	2024	20	196	1	10	1323.136	132.3137
0	2024	20	196	1	0	315.1	0
0	2024	20	196	2	10	858.2727	85.82729
0	2024	20	196	2	0	6.35	0
0	2024	20	197	1	10	1301.636	130.1637
0	2024	20	197	1	0	520.5	0
0	2024	20	197	2	10	706.0909	70.60911
0	2024	20	198	1	10	2236.373	223.6373
0	2024	20	198	1	0	244.69	0
0	2024	20	198	2	10	884.6364	88.46365
0	2024	20	198	2	0	0.2	0
0	2024	20	199	1	10	1600.636	160.0637
0	2024	20	199	1	0	417	0
0	2024	20	199	2	10	892.7272	89.27274
0	2024	20	200	1	10	2099.127	209.9128
0	2024	20	200	1	0	584.06	0
0	2024	20	200	2	10	1287.036	128.7037
0	2024	20	201	1	10	1261.6	126.16
0	2024	20	201	1	0	345.94	0
0	2024	20	201	2	10	796.8182	79.68184
0	2024	20	202	1	10	1335.636	133.5637
0	2024	20	202	1	0	302.7	0
0	2024	20	202	2	10	703.6364	70.36366
0	2024	20	203	1	10	1256.282	125.6282
0	2024	20	203	1	0	264.09	0
0	2024	20	203	2	10	711.3636	71.13638
0	2024	20	204	1	10	1002.091	100.2091
0	2024	20	204	1	0	492.7	0
0	2024	20	204	2	10	698.9091	69.89092
0	2024	20	205	1	10	2370.5	237.05
0	2024	20	205	1	0	166.7	0
0	2024	20	205	2	10	835.1818	83.5182
0	2024	20	206	1	10	1957.909	195.791
0	2024	20	206	1	0	196.8	0
0	2024	20	206	2	10	1007.273	100.7273
0	2024	20	207	1	10	1359.964	135.9964
0	2024	20	207	1	0	308.84	0
0	2024	20	207	2	10	722.5454	72.25456
0	2024	20	208	1	10	1418.209	141.8209
0	2024	20	208	1	0	278.97	0
0	2024	20	208	2	10	577.7272	57.77274
0	2024	20	209	1	10	1445.182	144.5182
0	2024	20	209	1	0	328.2	0
0	2024	20	209	2	10	663.6364	66.36365
0	2024	20	210	1	10	1612.582	161.2582
0	2024	20	210	1	0	138.23	0
0	2024	20	210	2	10	793.0909	79.3091
0	2024	20	211	1	10	1452.182	145.2182
0	2024	20	211	1	0	361.2	0
0	2024	20	211	2	10	722.6364	72.26365
0	2024	20	212	1	10	2514	251.4001
0	2024	20	212	1	0	271	0
0	2024	20	212	2	10	1155.364	115.5364
0	2024	20	213	1	10	1989.273	198.9273
0	2024	20	213	1	0	423	0
0	2024	20	213	2	10	1074	107.4
0	2024	20	214	1	10	1617.482	161.7482
0	2024	20	214	1	0	445.11	0
0	2024	20	214	2	10	822.0182	82.20184
0	2024	20	215	1	10	1661.909	166.1909
0	2024	20	215	1	0	236.1	0
0	2024	20	215	2	10	759.0909	75.90911
0	2024	20	216	1	10	1511.545	151.1546
0	2024	20	216	1	0	219.6	0
0	2024	20	216	2	10	867.5454	86.75456
0	2024	20	360	2	10	607.4545	60.74547
2548	2024	10	1532	0	10	29.92	2.99
2549	2024	10	1533	0	10	152.51	15.25
2602	2024	10	1534	0	10	141.48	14.15
0	2024	20	218	1	10	1826.982	182.6982
0	2024	20	218	1	0	359.18	0
0	2024	20	218	2	10	790.0909	79.00911
0	2024	20	219	1	10	3045.673	304.5674
0	2024	20	219	1	0	456.53	0
0	2024	20	219	2	10	1361.182	136.1182
0	2024	20	220	1	10	1794.364	179.4364
0	2024	20	220	1	0	326.7	0
0	2024	20	220	2	10	1356	135.6
0	2024	20	221	1	10	1968.182	196.8182
0	2024	20	221	1	0	497	0
0	2024	20	221	2	10	1192.091	119.2091
0	2024	20	222	1	10	2302.455	230.2455
0	2024	20	222	1	0	490.3	0
0	2024	20	222	2	10	1132.454	113.2455
0	2024	20	223	1	10	2300.327	230.0328
0	2024	20	223	1	0	776.04	0
0	2024	20	223	2	10	1141.818	114.1818
0	2024	20	224	1	10	1737.864	173.7864
0	2024	20	224	1	0	329.27	0
0	2024	20	224	2	10	1028.636	102.8637
0	2024	20	225	1	10	2375.182	237.5182
0	2024	20	225	1	0	374.6	0
0	2024	20	225	2	10	1278.091	127.8091
0	2024	20	226	1	10	2534.709	253.471
0	2024	20	226	1	0	419.9	0
0	2024	20	226	2	10	1098.454	109.8455
0	2024	20	227	1	10	3133.909	313.391
0	2024	20	227	1	0	505.9	0
0	2024	20	227	2	10	2013.727	201.3728
0	2024	20	228	1	10	2539.7	253.9701
0	2024	20	228	1	0	726.13	0
0	2024	20	228	2	10	1626.545	162.6546
0	2024	20	229	1	10	1898.291	189.8291
0	2024	20	229	1	0	366.78	0
0	2024	20	229	2	10	999.9091	99.99093
0	2024	20	230	1	10	1511.909	151.1909
0	2024	20	230	1	0	294.8	0
0	2024	20	230	2	10	867.5454	86.75456
2608	2024	10	1537	0	10	74.8	7.48
2620	2024	10	1536	0	10	200.93	20.09
2625	2024	10	1538	0	10	175.55	17.55
0	2024	20	232	1	10	1775	177.5
0	2024	20	232	1	0	211.7	0
0	2024	20	232	2	10	936.0909	93.60911
2626	2024	10	1539	0	10	128.32	12.83
2627	2024	10	1540	0	10	50.24	5.02
2649	2024	10	1541	0	10	50.89	5.09
2663	2024	10	1542	0	10	21.27	2.13
2665	2024	10	1543	0	10	13.34	1.33
3397	2025	10	1267	0	22	2.34	0.51
0	2024	20	235	1	10	1761.418	176.1419
0	2024	20	235	1	0	233.2	0
0	2024	20	235	2	10	753.0909	75.3091
0	2024	20	236	1	10	1562.182	156.2182
0	2024	20	236	1	0	321.1	0
0	2024	20	236	2	10	836.2727	83.62729
0	2024	20	237	1	10	1451	145.1
0	2024	20	237	1	0	164.8	0
0	2024	20	237	2	10	687.2727	68.72729
0	2024	20	238	1	10	1667.909	166.7909
0	2024	20	238	1	0	302.8	0
0	2024	20	238	2	10	711.1818	71.11819
3397	2025	10	1267	0	4	7.21	0.29
3398	2025	10	1268	0	4	7.21	0.29
3399	2025	10	1269	0	22	29.45	6.48
0	2024	20	240	1	10	2252.609	225.261
0	2024	20	240	1	0	172.53	0
0	2024	20	240	2	10	800.2727	80.02729
0	2024	20	241	1	10	1526.182	152.6182
0	2024	20	241	1	0	541.2	0
0	2024	20	241	2	10	799.7272	79.97275
0	2024	20	241	2	0	4	0
0	2024	20	242	1	10	1347.036	134.7037
0	2024	20	242	1	0	314.39	0
0	2024	20	242	2	10	748.9091	74.89092
0	2024	20	243	1	10	1327.909	132.7909
0	2024	20	243	1	0	165.5	0
0	2024	20	243	2	10	721.2727	72.12729
0	2024	20	244	1	10	1332.454	133.2455
0	2024	20	244	1	0	237	0
0	2024	20	244	2	10	590.6364	59.06365
0	2024	20	245	1	10	2030.545	203.0546
0	2024	20	245	1	0	333.5	0
0	2024	20	245	2	10	918.5454	91.85457
0	2024	20	246	1	10	1398.454	139.8455
0	2024	20	246	1	0	87	0
0	2024	20	246	2	10	611	61.10001
0	2024	20	246	2	0	0.2	0
0	2024	20	247	1	10	2256.636	225.6637
0	2024	20	247	1	0	77.4	0
0	2024	20	247	2	10	818.8182	81.88184
0	2024	20	248	1	10	1658.636	165.8637
0	2024	20	248	1	0	176.28	0
0	2024	20	248	2	10	1015.545	101.5546
0	2024	20	249	1	10	1900.073	190.0073
0	2024	20	249	1	0	242.02	0
0	2024	20	249	2	10	672.2727	67.22729
0	2024	20	250	1	10	1427.5	142.75
0	2024	20	250	1	0	196.45	0
0	2024	20	250	2	10	721	72.10001
0	2024	20	251	1	10	1359.854	135.9855
0	2024	20	251	1	0	197.76	0
0	2024	20	251	2	10	618.5455	61.85456
0	2024	20	252	1	10	1656.509	165.6509
0	2024	20	252	1	0	115.5	0
0	2024	20	252	2	10	585.2727	58.52729
0	2024	20	253	1	10	1665.182	166.5182
0	2024	20	253	1	0	107.1	0
0	2024	20	253	2	10	750.3636	75.03638
0	2024	20	254	1	10	2850.536	285.0537
0	2024	20	254	1	0	208.77	0
0	2024	20	254	2	10	965.7272	96.57275
0	2024	20	255	1	10	2259	225.9001
0	2024	20	255	1	0	157.1	0
0	2024	20	255	2	10	986.5454	98.65456
0	2024	20	256	1	10	1342.655	134.2655
0	2024	20	256	1	0	22.13	0
0	2024	20	256	2	10	520.6273	52.06274
0	2024	20	257	1	10	1289	128.9
0	2024	20	257	1	0	66.4	0
0	2024	20	257	2	10	695.0909	69.50911
0	2024	20	258	1	10	1336.818	133.6819
0	2024	20	258	1	0	34.1	0
0	2024	20	258	2	10	507.6364	50.76365
0	2024	20	259	1	10	1382.854	138.2855
0	2024	20	259	1	0	205.96	0
0	2024	20	259	2	10	569.5455	56.95456
0	2024	20	260	1	10	1217.545	121.7546
0	2024	20	260	1	0	63.2	0
0	2024	20	260	2	10	464.1818	46.41819
0	2024	20	261	1	10	2446.473	244.6473
0	2024	20	261	1	0	246.8	0
0	2024	20	261	2	10	796.0909	79.60911
0	2024	20	262	1	10	1693.309	169.3309
0	2024	20	262	1	0	203.56	0
0	2024	20	262	2	10	1035.091	103.5091
0	2024	20	263	1	10	886.8182	88.68184
0	2024	20	263	1	0	117.9	0
0	2024	20	263	2	10	559.4545	55.94547
0	2024	20	264	1	10	957	95.70002
0	2024	20	264	1	0	230.05	0
0	2024	20	264	2	10	458.2727	45.82728
0	2024	20	265	1	10	880.3636	88.03638
0	2024	20	265	1	0	127	0
0	2024	20	265	2	10	358.5454	35.85455
0	2024	20	266	1	10	955.0909	95.50911
0	2024	20	266	1	0	337	0
0	2024	20	266	2	10	349.9091	34.99092
0	2024	20	267	1	10	1180.818	118.0818
0	2024	20	267	1	0	18	0
0	2024	20	267	2	10	499.8182	49.98183
0	2024	20	268	1	10	2529.818	252.9819
0	2024	20	268	1	0	216	0
0	2024	20	268	2	10	823.0909	82.30911
0	2024	20	269	1	10	1748.091	174.8091
0	2024	20	269	1	0	209.7	0
0	2024	20	269	2	10	869.1818	86.9182
0	2024	20	270	1	10	1106.182	110.6182
0	2024	20	270	1	0	11.1	0
0	2024	20	270	2	10	479.1818	47.91819
0	2024	20	271	1	10	1080.964	108.0964
0	2024	20	271	1	0	714.34	0
0	2024	20	271	2	10	498.2727	49.82728
0	2024	20	272	1	10	902.7272	90.27274
0	2024	20	272	1	0	241.9	0
0	2024	20	272	2	10	458.5454	45.85456
0	2024	20	273	1	10	1150.091	115.0091
0	2024	20	273	1	0	142.6	0
0	2024	20	273	2	10	450.9091	45.09092
0	2024	20	274	1	10	1111.255	111.1255
0	2024	20	274	1	0	138.82	0
0	2024	20	274	2	10	453.3636	45.33637
0	2024	20	275	1	10	2883.027	288.3028
0	2024	20	275	1	0	212.37	0
0	2024	20	275	2	10	777.9091	77.79092
0	2024	20	276	1	10	1897.818	189.7819
0	2024	20	276	1	0	147.6	0
0	2024	20	276	2	10	1088.182	108.8182
0	2024	20	277	1	10	892.3636	89.23638
0	2024	20	277	1	0	67.9	0
0	2024	20	277	2	10	424.8182	42.48183
0	2024	20	278	1	10	835.4636	83.54638
0	2024	20	278	1	0	334.84	0
0	2024	20	278	2	10	427.9091	42.79092
0	2024	20	279	1	10	1173.454	117.3455
0	2024	20	279	1	0	250.1	0
0	2024	20	279	2	10	368.7273	36.87273
0	2024	20	280	1	10	881.1636	88.11639
0	2024	20	280	1	0	174.32	0
0	2024	20	280	2	10	409	40.90001
0	2024	20	281	1	10	1150.954	115.0955
0	2024	20	281	1	0	132.85	0
0	2024	20	281	2	10	419.6364	41.96365
0	2024	20	282	1	10	2707.545	270.7546
0	2024	20	282	1	0	112.1	0
0	2024	20	282	2	10	714.9091	71.49092
0	2024	20	283	1	10	1783.418	178.3419
0	2024	20	283	1	0	170.8	0
0	2024	20	283	2	10	917.3636	91.73638
0	2024	20	284	1	10	1006.545	100.6546
0	2024	20	284	1	0	61.6	0
0	2024	20	284	2	10	390.2727	39.02728
0	2024	20	285	1	10	736.8182	73.68183
0	2024	20	285	1	0	215.9	0
0	2024	20	285	2	10	498.4545	49.84547
0	2024	20	286	1	10	904.209	90.42093
0	2024	20	286	1	0	358.97	0
0	2024	20	286	2	10	369.5454	36.95455
0	2024	20	287	1	10	946.1545	94.61548
0	2024	20	287	1	0	187.53	0
0	2024	20	287	2	10	445.4545	44.54546
0	2024	20	288	1	10	1096.682	109.6682
0	2024	20	288	1	0	193.82	0
0	2024	20	288	2	10	378.1818	37.81819
0	2024	20	289	1	10	2064.3	206.43
0	2024	20	289	1	0	786.67	0
0	2024	20	289	2	10	773.6364	77.36366
0	2024	20	290	1	10	1577.5	157.75
0	2024	20	290	1	0	429.42	0
0	2024	20	290	2	10	819.1818	81.9182
0	2024	20	291	1	10	805.2727	80.52729
0	2024	20	291	1	0	187	0
0	2024	20	291	2	10	311.4545	31.14546
0	2024	20	292	1	10	1050.364	105.0364
0	2024	20	292	1	0	143.7	0
0	2024	20	292	2	10	313.6364	31.36364
0	2024	20	293	1	10	1050.364	105.0364
0	2024	20	293	1	0	47.1	0
0	2024	20	293	2	10	292.7273	29.27273
0	2024	20	294	1	10	950.0909	95.00911
0	2024	20	294	1	0	160.2	0
0	2024	20	294	2	10	304.6364	30.46364
0	2024	20	295	1	10	1071.182	107.1182
0	2024	20	295	1	0	142.1	0
0	2024	20	295	2	10	345.1818	34.51819
0	2024	20	296	1	10	2484.591	248.4592
0	2024	20	296	1	0	239.95	0
0	2024	20	296	2	10	553.6364	55.36365
0	2024	20	297	1	10	1974.3	197.43
0	2024	20	297	1	0	213.97	0
0	2024	20	297	2	10	704.7272	70.47274
0	2024	20	297	2	0	1.45	0
0	2024	20	298	1	10	865.1545	86.51547
0	2024	20	298	1	0	204.13	0
0	2024	20	298	2	10	321.4545	32.14546
0	2024	20	299	1	10	1102.091	110.2091
0	2024	20	299	1	0	212	0
0	2024	20	299	2	10	462.2727	46.22728
0	2024	20	300	1	10	933.4545	93.34547
0	2024	20	300	1	0	341.6	0
0	2024	20	300	2	10	384.0909	38.4091
0	2024	20	301	1	10	1136.036	113.6037
0	2024	20	301	1	0	246.98	0
0	2024	20	301	2	10	483.4545	48.34547
0	2024	20	302	1	10	1876.764	187.6764
0	2024	20	302	1	0	167.5	0
0	2024	20	302	2	10	838.2727	83.82729
0	2024	20	303	1	10	2466.973	246.6973
0	2024	20	303	1	0	285.48	0
0	2024	20	303	2	10	694.8182	69.48183
0	2024	20	304	1	10	1626.454	162.6455
0	2024	20	304	1	0	247	0
0	2024	20	304	2	10	746.4545	74.64547
0	2024	20	305	1	10	888.5454	88.85457
0	2024	20	305	1	0	135	0
0	2024	20	305	2	10	354.1818	35.41819
0	2024	20	306	1	10	972.6364	97.26366
0	2024	20	306	1	0	206.6	0
0	2024	20	306	2	10	447.3636	44.73637
0	2024	20	307	1	10	929.3636	92.93639
0	2024	20	307	1	0	250.5	0
0	2024	20	307	2	10	341.8182	34.18182
0	2024	20	308	1	10	912.0454	91.20457
0	2024	20	308	1	0	203.35	0
0	2024	20	308	2	10	368.0909	36.8091
0	2024	20	309	1	10	1044.091	104.4091
0	2024	20	309	1	0	275.4	0
0	2024	20	309	2	10	348.8182	34.88182
0	2024	20	310	1	10	2191.291	219.1291
0	2024	20	310	1	0	39.68	0
0	2024	20	310	2	10	784.0909	78.40911
0	2024	20	311	1	10	1686.091	168.6091
0	2024	20	311	1	0	205.3	0
0	2024	20	311	2	10	868.2727	86.82729
0	2024	20	312	1	10	983.5636	98.35638
0	2024	20	312	1	0	69.98	0
0	2024	20	312	2	10	372.4545	37.24546
0	2024	20	313	1	10	1061.909	106.1909
0	2024	20	313	1	0	67.4	0
0	2024	20	313	2	10	495.4545	49.54546
0	2024	20	314	1	10	1042.954	104.2955
0	2024	20	314	1	0	115.85	0
0	2024	20	314	2	10	369.7273	36.97274
0	2024	20	315	1	10	1109.354	110.9355
0	2024	20	315	1	0	115.31	0
0	2024	20	315	2	10	446.9091	44.69092
0	2024	20	316	1	10	987.8364	98.78366
0	2024	20	316	1	0	294.58	0
0	2024	20	316	2	10	437.5454	43.75455
0	2024	20	317	1	10	2459.091	245.9091
0	2024	20	317	1	0	156.2	0
0	2024	20	317	2	10	678.7272	67.87274
0	2024	20	318	1	10	1813	181.3
0	2024	20	318	1	0	197.8	0
0	2024	20	318	2	10	851.3636	85.13638
0	2024	20	319	1	10	838.8546	83.88548
0	2024	20	319	1	0	163.86	0
0	2024	20	319	2	10	342.4545	34.24546
0	2024	20	320	1	10	1132.727	113.2728
0	2024	20	320	1	0	54.3	0
0	2024	20	320	2	10	403.2727	40.32728
0	2024	20	321	1	10	968.9272	96.89275
0	2024	20	321	1	0	113.2	0
0	2024	20	321	2	10	336.3636	33.63637
3400	2025	10	1270	0	10	9.09	0.91
3400	2025	10	1270	0	4	9.62	0.38
3401	2025	10	1271	0	22	37.28	8.2
0	2024	20	323	1	10	1232.482	123.2482
0	2024	20	323	1	0	52.95	0
0	2024	20	323	2	10	443.8182	44.38183
0	2024	20	324	1	10	2387.909	238.791
0	2024	20	324	1	0	297.16	0
0	2024	20	324	2	10	639.5455	63.95456
0	2024	20	325	1	10	1816.891	181.6891
0	2024	20	325	1	0	303.2	0
0	2024	20	325	2	10	1050.545	105.0546
0	2024	20	326	1	10	858.3	85.83002
0	2024	20	326	1	0	145.6	0
0	2024	20	326	2	10	375.8182	37.58183
3402	2025	10	1272	0	4	19.23	0.77
3403	2025	10	1273	0	22	7.21	1.59
3404	2025	10	1274	0	22	123.17	27.1
3405	2025	10	1275	0	0	679.37	0
0	2024	20	328	1	10	956.7272	95.67274
0	2024	20	328	1	0	322	0
0	2024	20	328	2	10	401.0909	40.1091
0	2024	20	329	1	10	955.7272	95.57275
0	2024	20	329	1	0	273.4	0
0	2024	20	329	2	10	381.5454	38.15455
0	2024	20	330	1	10	1361.818	136.1819
0	2024	20	330	1	0	145.5	0
0	2024	20	330	2	10	436.3636	43.63637
0	2024	20	331	1	10	2423.964	242.3964
0	2024	20	331	1	0	332.26	0
0	2024	20	331	2	10	782.5454	78.25456
3406	2025	10	1276	0	10	121.86	12.19
3407	2025	10	1277	0	10	164.38	16.44
0	2024	20	333	1	10	552.9	55.29001
0	2024	20	333	1	0	991.81	0
0	2024	20	333	2	10	424.3636	42.43637
0	2024	20	334	1	10	789.0364	78.90366
0	2024	20	334	1	0	503.36	0
0	2024	20	334	2	10	482.3636	48.23637
3408	2025	10	1278	0	10	82.1	8.21
3409	2025	10	1279	0	10	68.35	6.84
3410	2025	10	1280	0	4	49.5	1.98
3410	2025	10	1280	0	10	71.58	7.16
3411	2025	10	1281	0	4	37.92	1.52
3412	2025	10	1282	0	4	49.5	1.98
3412	2025	10	1282	0	10	181.6	18.16
0	2024	20	337	1	10	1161.864	116.1864
0	2024	20	337	1	0	261.95	0
0	2024	20	337	2	10	468.0909	46.8091
0	2024	20	338	1	10	2380.063	238.0064
0	2024	20	338	1	0	465.83	0
0	2024	20	338	2	10	763.8182	76.38184
0	2024	20	339	1	10	1179.727	117.9728
0	2024	20	339	1	0	295.5	0
0	2024	20	339	2	10	830.5454	83.05457
0	2024	20	340	1	10	1079.818	107.9818
0	2024	20	340	1	0	156.3	0
0	2024	20	340	2	10	407.2727	40.72728
0	2024	20	341	1	10	975.3636	97.53638
0	2024	20	341	1	0	436	0
0	2024	20	341	2	10	499.4545	49.94547
3412	2025	10	1282	0	22	4.95	1.09
3413	2025	10	1283	0	4	49.5	1.98
3413	2025	10	1283	0	5	14.08	0.7
3413	2025	10	1283	0	10	124.65	12.47
0	2024	20	343	1	10	1008.336	100.8337
0	2024	20	343	1	0	420.53	0
0	2024	20	343	2	10	448.9091	44.89092
0	2024	20	344	1	10	1475.545	147.5546
0	2024	20	344	1	0	236.2	0
0	2024	20	344	2	10	509.7273	50.97274
3414	2025	10	1284	0	4	28.44	1.14
3415	2025	10	1285	0	4	24.75	0.99
3415	2025	10	1285	0	10	22.34	2.23
3416	2025	10	1286	0	10	18.5	1.85
3417	2025	10	1287	0	10	13.78	1.38
3418	2025	10	1288	0	4	24.75	0.99
3418	2025	10	1288	0	10	29.55	2.96
0	2024	20	347	1	10	1251.727	125.1728
0	2024	20	347	1	0	316.7	0
0	2024	20	347	2	10	469.1818	46.91819
0	2024	20	348	1	10	1319.864	131.9864
0	2024	20	348	1	0	342.5	0
0	2024	20	348	2	10	512.3636	51.23637
0	2024	20	348	2	0	40.6	0
0	2024	20	349	1	10	1629.409	162.9409
0	2024	20	349	1	0	236.75	0
0	2024	20	349	2	10	503.7273	50.37274
0	2024	20	350	1	10	1770.091	177.0091
0	2024	20	350	1	0	478.5	0
0	2024	20	350	2	10	549.8182	54.98183
0	2024	20	351	1	10	1761.555	176.1555
0	2024	20	351	1	0	426.92	0
0	2024	20	351	2	10	656.0909	65.60911
0	2024	20	352	1	10	2379.9	237.9901
0	2024	20	352	1	0	689.51	0
0	2024	20	352	2	10	1193.364	119.3364
0	2024	20	353	1	10	3218.164	321.8164
0	2024	20	353	1	0	742.42	0
0	2024	20	353	2	10	1083.273	108.3273
0	2024	20	354	1	10	2550.109	255.011
0	2024	20	354	1	0	756.6	0
0	2024	20	354	2	10	1045.182	104.5182
0	2024	20	355	1	10	1971.182	197.1182
0	2024	20	355	1	0	623.55	0
0	2024	20	355	2	10	896.0909	89.60911
0	2024	20	356	1	10	2527.627	252.7628
0	2024	20	356	1	0	539.9	0
0	2024	20	356	2	10	919.5454	91.95457
0	2024	20	357	1	10	1732.954	173.2955
0	2024	20	357	1	0	568.09	0
0	2024	20	357	2	10	1063.818	106.3818
0	2024	20	358	1	10	1636.909	163.6909
0	2024	20	358	1	0	512.86	0
0	2024	20	358	2	10	716.5454	71.65456
0	2024	20	359	1	10	1482.018	148.2018
0	2024	20	359	1	0	365.28	0
0	2024	20	359	2	10	648.3636	64.83638
2788	2024	10	1502	0	10	12.82	1.28
2788	2024	10	1502	0	22	106.32	23.39
2790	2025	10	764	0	10	92.5	9.25
2790	2025	10	764	0	22	5	1.1
2791	2025	10	765	0	22	116.54	25.64
2792	2025	10	766	0	22	351.73	77.38
2793	2025	10	767	0	10	185	18.5
2793	2025	10	767	0	22	5	1.1
2794	2025	10	768	0	22	141.05	31.03
2795	2025	10	769	0	22	444.78	97.85
2796	2025	10	770	0	22	529.02	116.38
2797	2025	10	771	0	22	74.09	16.3
2798	2025	10	772	0	10	148	14.8
2798	2025	10	772	0	22	5	1.1
2799	2025	10	773	0	22	158.91	34.96
2800	2025	10	774	0	22	355.57	78.23
2801	2025	10	775	0	10	421.25	42.13
2801	2025	10	775	0	22	5	1.1
2802	2025	10	776	0	10	74	7.4
2802	2025	10	776	0	22	5	1.1
2803	2025	10	777	0	22	26.63	5.86
2804	2025	10	778	0	10	8.84	0.88
2805	2025	10	779	0	22	3.57	0.78
2805	2025	10	779	0	4	24.04	0.96
2806	2025	10	780	0	4	5.19	0.21
2807	2025	10	781	0	22	7.13	1.57
2808	2025	10	782	0	4	2.21	0.09
2809	2025	10	783	0	10	8.18	0.82
2810	2025	10	784	0	4	24.04	0.96
2811	2025	10	785	0	4	29.75	1.19
2812	2025	10	786	0	22	30.58	6.73
2813	2025	10	787	0	4	2.21	0.09
2814	2025	10	788	0	22	0.12	0.03
2814	2025	10	788	0	4	9.62	0.38
2815	2025	10	789	0	4	24.04	0.96
2816	2025	10	790	0	22	7.13	1.57
2817	2025	10	791	0	10	11.7	1.17
2818	2025	10	792	0	4	33.65	1.35
2819	2025	10	793	0	10	5.36	0.54
2819	2025	10	793	0	4	19.86	0.79
2820	2025	10	794	0	22	9.74	2.14
2821	2025	10	795	0	22	16750	3685
2822	2025	10	796	0	22	20	4.4
2823	2025	10	797	0	4	270	10.8
2823	2025	10	797	0	22	1.3	0.29
2824	2025	10	798	0	4	270	10.8
2824	2025	10	798	0	22	1.3	0.29
2825	2025	10	799	0	4	270	10.8
2825	2025	10	799	0	22	1.3	0.29
2826	2025	10	800	0	4	216	8.64
2826	2025	10	800	0	22	1.3	0.29
2827	2025	10	801	0	10	148.97	14.9
2828	2025	10	802	0	10	127.53	12.75
2829	2025	10	803	0	10	189.7	18.97
2830	2025	10	804	0	10	180.18	18.02
2831	2025	10	805	0	22	30	6.6
2832	2025	10	806	0	22	149	32.78
2833	2025	10	807	0	10	151.27	15.13
2834	2025	10	808	0	10	151.27	15.13
2835	2025	10	809	0	10	36.1	3.61
2836	2025	10	810	0	4	75	3
2836	2025	10	810	0	10	133.94	13.39
2836	2025	10	810	0	22	13.52	2.97
2837	2025	10	811	0	10	53.26	5.33
2838	2025	10	812	0	4	39	1.56
2838	2025	10	812	0	10	31.08	3.11
2839	2025	10	813	0	4	47.4	1.9
2839	2025	10	813	0	10	33.48	3.35
2840	2025	10	814	0	4	19.5	0.78
2840	2025	10	814	0	10	62	6.2
2840	2025	10	814	0	22	4.95	1.09
2841	2025	10	815	0	10	119.6	11.96
2842	2025	10	816	0	10	71.7	7.17
2843	2025	10	817	0	4	74.25	2.97
2843	2025	10	817	0	10	47.09	4.71
2843	2025	10	817	0	22	13.52	2.97
2844	2025	10	818	0	10	63.6	6.36
2845	2025	10	819	0	4	49.5	1.98
2845	2025	10	819	0	10	29.9	2.99
2846	2025	10	820	0	4	49.5	1.98
2846	2025	10	820	0	10	166.65	16.67
2846	2025	10	820	0	22	4.95	1.09
2847	2025	10	821	0	4	37.92	1.52
2847	2025	10	821	0	10	33.48	3.35
2848	2025	10	822	0	4	74.25	2.97
2848	2025	10	822	0	10	128.83	12.88
2849	2025	10	823	0	10	51.43	5.14
2850	2025	10	824	0	10	33.48	3.35
2851	2025	10	825	0	10	48.23	4.82
2852	2025	10	826	0	4	24.75	0.99
2852	2025	10	826	0	10	16.87	1.69
2853	2025	10	827	0	4	49.5	1.98
2853	2025	10	827	0	10	46.5	4.65
2853	2025	10	827	0	22	4.95	1.09
2854	2025	10	828	0	4	47.4	1.9
2855	2025	10	829	0	4	74.25	2.97
2856	2025	10	830	0	10	89.7	8.97
2857	2025	10	831	0	10	76.36	7.64
2857	2025	10	831	0	22	13.52	2.97
2858	2025	10	832	0	10	30.28	3.03
2859	2025	10	833	0	4	24.75	0.99
2859	2025	10	833	0	10	31.08	3.11
2859	2025	10	833	0	22	13.52	2.97
2860	2025	10	834	0	10	28.09	2.81
2861	2025	10	835	0	10	31.73	3.17
2862	2025	10	836	0	4	37.92	1.52
2863	2025	10	837	0	4	49.5	1.98
2863	2025	10	837	0	5	13.08	0.65
2863	2025	10	837	0	10	181.6	18.16
2863	2025	10	837	0	22	4.95	1.09
2864	2025	10	838	0	10	16.5	1.65
2865	2025	10	839	0	4	49.5	1.98
2865	2025	10	839	0	10	158.55	15.86
2865	2025	10	839	0	22	10.55	2.32
2866	2025	10	840	0	4	33.48	1.34
2867	2025	10	841	0	10	36	3.6
2867	2025	10	841	0	22	98.52	21.67
2868	2025	10	842	0	4	107.86	4.31
2868	2025	10	842	0	10	25.71	2.57
2869	2025	10	843	0	4	100.88	4.04
2870	2025	10	844	0	22	98.52	21.67
2871	2025	10	845	0	4	71.78	2.87
2871	2025	10	845	0	10	25.71	2.57
2872	2025	10	846	0	4	100.88	4.04
2873	2025	10	847	0	10	1752	175.2
2874	2025	10	848	0	10	808	80.8
2875	2025	10	849	0	22	98.52	21.67
2876	2025	10	850	0	4	103.13	4.13
2876	2025	10	850	0	10	25.71	2.57
2877	2025	10	851	0	4	151.32	6.05
2878	2025	10	852	0	10	15	1.5
2878	2025	10	852	0	22	98.52	21.67
2879	2025	10	853	0	4	50.44	2.02
2880	2025	10	854	0	22	3933.54	865.38
2880	2025	10	854	0	0	0.08	0
2881	2025	10	855	0	10	97.5	9.75
2882	2025	10	856	0	22	11.94	2.63
2883	2025	10	857	0	10	1903.25	190.33
2883	2025	10	857	0	22	148	32.56
2884	2025	10	858	0	4	135.41	5.42
2884	2025	10	858	0	10	320.6	32.06
2884	2025	10	858	0	22	1.6	0.35
2885	2025	10	859	0	4	27.53	1.1
2885	2025	10	859	0	10	71.31	7.13
2885	2025	10	859	0	22	1.6	0.35
2886	2025	10	860	0	4	142.46	5.7
2886	2025	10	860	0	10	371.74	37.17
2886	2025	10	860	0	22	1.6	0.35
2887	2025	10	861	0	4	42.53	1.7
2887	2025	10	861	0	10	195.43	19.54
2887	2025	10	861	0	22	1.6	0.35
2888	2025	10	862	0	4	435.49	17.42
2888	2025	10	862	0	10	976.03	97.6
2888	2025	10	862	0	22	1.6	0.35
2889	2025	10	863	0	4	236.74	9.47
2889	2025	10	863	0	10	513.77	51.38
2889	2025	10	863	0	22	1.6	0.35
2890	2025	10	864	0	4	46.56	1.86
2890	2025	10	864	0	10	175.28	17.53
2890	2025	10	864	0	22	1.6	0.35
2891	2025	10	865	0	10	23.4	2.34
2891	2025	10	865	0	22	1.6	0.35
2892	2025	10	866	0	10	23.4	2.34
2892	2025	10	866	0	22	1.6	0.35
2893	2025	10	867	0	4	142.07	5.68
2893	2025	10	867	0	10	318.5	31.85
2893	2025	10	867	0	22	1.6	0.35
2894	2025	10	868	0	4	1281.67	51.27
2894	2025	10	868	0	10	924.78	92.48
2894	2025	10	868	0	22	1.6	0.35
2895	2025	10	869	0	4	89.76	3.59
2895	2025	10	869	0	10	202.6	20.26
2895	2025	10	869	0	22	1.6	0.35
2896	2025	10	870	0	4	196.07	7.84
2896	2025	10	870	0	10	350.85	35.09
2896	2025	10	870	0	22	1.6	0.35
2897	2025	10	871	0	4	15	0.6
2897	2025	10	871	0	10	19.97	2
2897	2025	10	871	0	22	1.6	0.35
2898	2025	10	872	0	10	67.7	6.77
2899	2025	10	873	0	10	67.7	6.77
2900	2025	10	874	0	10	343.85	34.39
2901	2025	10	875	0	10	131.42	13.14
2902	2025	10	876	0	10	245.6	24.56
2903	2025	10	877	0	10	146.63	14.66
2904	2025	10	878	0	10	88.22	8.82
2905	2025	10	879	0	10	268.61	26.86
2906	2025	10	880	0	10	151.94	15.19
2907	2025	10	881	0	10	70.76	7.08
2908	2025	10	882	0	10	244.13	24.41
2909	2025	10	883	0	10	115.99	11.6
2910	2025	10	884	0	10	128.36	12.84
2911	2025	10	885	0	10	520	52
2912	2025	10	886	0	4	29.62	1.18
2912	2025	10	886	0	22	0.33	0.07
2913	2025	10	887	0	22	52	11.44
2914	2025	10	888	0	22	85	18.7
2915	2025	10	889	0	22	239.3	52.65
2916	2025	10	890	0	22	114.48	25.19
2917	2025	10	891	0	5	6	0.3
2917	2025	10	891	0	22	282.6	62.17
2918	2025	10	892	0	22	206.7	45.47
2919	2025	10	893	0	22	50	11
2920	2025	10	894	0	22	320.36	70.48
2921	2025	10	895	0	5	5	0.25
2921	2025	10	895	0	22	137.9	30.34
2922	2025	10	896	0	22	343.3	75.53
2923	2025	10	897	0	22	217.53	47.86
2924	2025	10	898	0	22	85	18.7
2925	2025	10	899	0	22	453.04	99.67
2926	2025	10	900	0	22	78.13	17.19
2927	2025	10	901	0	22	2257.82	496.72
2928	2025	10	902	0	4	15.3	0.61
2928	2025	10	902	0	10	185	18.5
2928	2025	10	902	0	22	5	1.1
2929	2025	10	903	0	10	84	8.4
2929	2025	10	903	0	22	5	1.1
2930	2025	10	904	0	10	185	18.5
2930	2025	10	904	0	22	5	1.1
2931	2025	10	905	0	10	92.5	9.25
2931	2025	10	905	0	22	5	1.1
2932	2025	10	906	0	22	230.84	50.78
2933	2025	10	907	0	22	384.57	84.61
2934	2025	10	908	0	22	127	27.94
2935	2025	10	909	0	22	466.21	102.57
2936	2025	10	910	0	22	7.13	1.57
2937	2025	10	911	0	22	106.93	23.52
2938	2025	10	912	0	22	3.24	0.71
2939	2025	10	913	0	22	26.16	5.76
2940	2025	10	914	0	4	57.69	2.31
2941	2025	10	915	0	4	4.04	0.16
2942	2025	10	916	0	22	7.13	1.57
2943	2025	10	917	0	22	0.08	0.02
2943	2025	10	917	0	10	3.09	0.31
2943	2025	10	917	0	4	4.04	0.16
2944	2025	10	918	0	22	0.12	0.03
2944	2025	10	918	0	10	10.24	1.02
2945	2025	10	919	0	22	7.38	1.62
2946	2025	10	920	0	10	11.18	1.12
2947	2025	10	921	0	22	15.33	3.37
2948	2025	10	922	0	22	7.13	1.57
2949	2025	10	923	0	4	28.85	1.15
2950	2025	10	924	0	22	38.77	8.53
2951	2025	10	925	0	22	5.53	1.22
2951	2025	10	925	0	4	1.91	0.08
2952	2025	10	926	0	4	19.23	0.77
2953	2025	10	927	0	4	24.04	0.96
2954	2025	10	928	0	22	7.13	1.57
2955	2025	10	929	0	4	270	10.8
2955	2025	10	929	0	22	1.3	0.29
2956	2025	10	930	0	4	270	10.8
2956	2025	10	930	0	22	1.3	0.29
2957	2025	10	931	0	4	135	5.4
2957	2025	10	931	0	22	1.3	0.29
2958	2025	10	932	0	4	270	10.8
2958	2025	10	932	0	22	1.3	0.29
2959	2025	10	933	0	4	270	10.8
2959	2025	10	933	0	22	1.3	0.29
2960	2025	10	934	0	10	438.59	43.86
2961	2025	10	935	0	10	131.35	13.14
2962	2025	10	936	0	10	151.27	15.13
2963	2025	10	937	0	10	45.45	4.55
2964	2025	10	938	0	4	39	1.56
2964	2025	10	938	0	22	24.07	5.3
2965	2025	10	939	0	4	47.4	1.9
2966	2025	10	940	0	4	39	1.56
2966	2025	10	940	0	5	14.08	0.7
2966	2025	10	940	0	10	151.7	15.17
2967	2025	10	941	0	4	82.98	3.32
2967	2025	10	941	0	10	111.68	11.17
2968	2025	10	942	0	10	35.9	3.59
2969	2025	10	943	0	10	46.99	4.7
2970	2025	10	944	0	10	16.5	1.65
2971	2025	10	945	0	4	49.5	1.98
2971	2025	10	945	0	10	13	1.3
2972	2025	10	946	0	4	47.4	1.9
2973	2025	10	947	0	4	49.5	1.98
2973	2025	10	947	0	10	151.7	15.17
2973	2025	10	947	0	22	4.95	1.09
2974	2025	10	948	0	10	44.85	4.49
2975	2025	10	949	0	4	28.44	1.14
2976	2025	10	950	0	4	59.4	2.38
2976	2025	10	950	0	10	27.5	2.75
2976	2025	10	950	0	22	13.52	2.97
2977	2025	10	951	0	10	30.28	3.03
2978	2025	10	952	0	10	12.99	1.3
2979	2025	10	953	0	4	65.1	2.6
2980	2025	10	954	0	10	31.73	3.17
2981	2025	10	955	0	4	49.75	1.99
2981	2025	10	955	0	10	34	3.4
2982	2025	10	956	0	4	47.4	1.9
2983	2025	10	957	0	4	49.75	1.99
2983	2025	10	957	0	10	181.6	18.16
2983	2025	10	957	0	22	4.95	1.09
2984	2025	10	958	0	4	18.96	0.76
2985	2025	10	959	0	4	79.2	3.17
2985	2025	10	959	0	10	39.48	3.95
2986	2025	10	960	0	10	71.77	7.18
2987	2025	10	961	0	10	59.8	5.98
2988	2025	10	962	0	10	103.84	10.38
2989	2025	10	963	0	4	47.4	1.9
2990	2025	10	964	0	4	49.5	1.98
2990	2025	10	964	0	10	104.65	10.47
2990	2025	10	964	0	22	4.95	1.09
2991	2025	10	965	0	10	47.26	4.73
2992	2025	10	966	0	4	39.6	1.58
2992	2025	10	966	0	10	27.45	2.75
2992	2025	10	966	0	22	13.52	2.97
2993	2025	10	967	0	4	33.48	1.34
2994	2025	10	968	0	10	25.98	2.6
2995	2025	10	969	0	4	49.5	1.98
2995	2025	10	969	0	10	37.79	3.78
2995	2025	10	969	0	22	83.7	18.41
2996	2025	10	970	0	10	56.32	5.63
2997	2025	10	971	0	22	119.92	26.38
2998	2025	10	972	0	10	15	1.5
2998	2025	10	972	0	22	218.44	48.06
2999	2025	10	973	0	4	128.35	5.13
2999	2025	10	973	0	10	21.5	2.15
3000	2025	10	974	0	4	50.44	2.02
3001	2025	10	975	0	4	103.13	4.13
3001	2025	10	975	0	10	21.5	2.15
3002	2025	10	976	0	4	50.44	2.02
3003	2025	10	977	0	10	21	2.1
3003	2025	10	977	0	22	119.92	26.38
3004	2025	10	978	0	4	50.44	2.02
3005	2025	10	979	0	4	50.44	2.02
3006	2025	10	980	0	4	44.62	1.78
3006	2025	10	980	0	10	21.5	2.15
3007	2025	10	981	0	22	98.52	21.67
3008	2025	10	982	0	22	3558.99	782.98
3008	2025	10	982	0	0	18.03	0
3009	2025	10	983	0	10	97.5	9.75
3010	2025	10	984	0	22	306.45	67.42
3010	2025	10	984	0	0	15.34	0
3011	2025	10	985	0	10	1817.96	181.8
3011	2025	10	985	0	22	1046.4	230.21
3012	2025	10	986	0	10	15.6	1.56
3012	2025	10	986	0	22	1.6	0.35
3013	2025	10	987	0	4	27.8	1.11
3013	2025	10	987	0	10	170.88	17.09
3013	2025	10	987	0	22	1.6	0.35
3014	2025	10	988	0	4	79.96	3.2
3014	2025	10	988	0	22	1.6	0.35
3015	2025	10	989	0	4	157.46	6.3
3015	2025	10	989	0	10	428.4	42.84
3015	2025	10	989	0	22	1.6	0.35
3016	2025	10	990	0	10	28.08	2.81
3016	2025	10	990	0	22	1.6	0.35
3017	2025	10	991	0	4	27.8	1.11
3017	2025	10	991	0	10	254.46	25.45
3017	2025	10	991	0	22	1.6	0.35
3018	2025	10	992	0	4	196.12	7.84
3018	2025	10	992	0	10	363.05	36.31
3018	2025	10	992	0	22	1.6	0.35
3019	2025	10	993	0	4	24.5	0.98
3019	2025	10	993	0	10	50.9	5.09
3019	2025	10	993	0	22	1.6	0.35
3020	2025	10	994	0	4	46.56	1.86
3020	2025	10	994	0	22	1.6	0.35
3021	2025	10	995	0	4	27.8	1.11
3021	2025	10	995	0	10	362.82	36.28
3021	2025	10	995	0	22	1.6	0.35
3022	2025	10	996	0	10	77.59	7.76
3022	2025	10	996	0	22	1.6	0.35
3023	2025	10	997	0	4	1265.42	50.62
3023	2025	10	997	0	10	561.65	56.17
3023	2025	10	997	0	22	1.6	0.35
3024	2025	10	998	0	4	189.02	7.56
3024	2025	10	998	0	10	408.46	40.85
3024	2025	10	998	0	22	1.6	0.35
3025	2025	10	999	0	4	15	0.6
3025	2025	10	999	0	10	36.83	3.68
3025	2025	10	999	0	22	1.6	0.35
3026	2025	10	1000	0	4	349.51	13.98
3026	2025	10	1000	0	10	755.24	75.52
3026	2025	10	1000	0	22	1.6	0.35
3027	2025	10	1001	0	10	28.08	2.81
3027	2025	10	1001	0	22	1.6	0.35
3028	2025	10	1002	0	4	27.8	1.11
3028	2025	10	1002	0	10	298.86	29.89
3028	2025	10	1002	0	22	1.6	0.35
3029	2025	10	1003	0	4	163.95	6.56
3029	2025	10	1003	0	10	497.9	49.79
3029	2025	10	1003	0	22	1.6	0.35
3030	2025	10	1004	0	10	18.72	1.87
3030	2025	10	1004	0	22	1.6	0.35
3031	2025	10	1005	0	4	27.8	1.11
3031	2025	10	1005	0	10	103.55	10.36
3031	2025	10	1005	0	22	1.6	0.35
3032	2025	10	1006	0	4	381.29	15.25
3032	2025	10	1006	0	10	1024.84	102.48
3032	2025	10	1006	0	22	1.6	0.35
3033	2025	10	1007	0	10	80.88	8.09
3034	2025	10	1008	0	10	88.22	8.82
3035	2025	10	1009	0	10	107.84	10.78
3036	2025	10	1010	0	10	201.18	20.12
3037	2025	10	1011	0	10	136.51	13.65
3038	2025	10	1012	0	10	162.06	16.21
3039	2025	10	1013	0	10	212.23	21.22
3039	2025	10	1013	0	22	198.61	43.69
3040	2025	10	1014	0	10	198.05	19.81
3041	2025	10	1015	0	10	315.17	31.52
3042	2025	10	1016	0	10	136.51	13.65
3043	2025	10	1017	0	10	111.8	11.18
3044	2025	10	1018	0	10	114.87	11.49
3045	2025	10	1019	0	10	127.08	12.71
3046	2025	10	1020	0	10	51.42	5.14
3047	2025	10	1021	0	10	238.21	23.82
3048	2025	10	1022	0	10	128.36	12.84
3049	2025	10	1023	0	10	780.3	78.03
3050	2025	10	1024	0	10	324.2	32.42
3051	2025	10	1025	0	5	11	0.55
3051	2025	10	1025	0	22	222.94	49.05
3052	2025	10	1026	0	5	10	0.5
3052	2025	10	1026	0	22	236.18	51.96
3053	2025	10	1027	0	22	189.3	41.65
3054	2025	10	1028	0	22	274.3	60.35
3055	2025	10	1029	0	5	10	0.5
3055	2025	10	1029	0	22	91.1	20.04
3056	2025	10	1030	0	22	183.66	40.41
3057	2025	10	1031	0	22	146.3	32.19
3058	2025	10	1032	0	22	341.3	75.09
3059	2025	10	1033	0	22	226.93	49.92
3060	2025	10	1034	0	22	92	20.24
3061	2025	10	1035	0	22	2090	459.8
3062	2025	10	1036	0	22	92	20.24
3063	2025	10	1037	0	10	185	18.5
3063	2025	10	1037	0	22	5	1.1
3064	2025	10	1038	0	10	78	7.8
3064	2025	10	1038	0	22	5	1.1
3065	2025	10	1039	0	22	92.53	20.36
3066	2025	10	1040	0	10	153	15.3
3066	2025	10	1040	0	22	5	1.1
3067	2025	10	1041	0	22	482.72	106.2
3068	2025	10	1042	0	10	111	11.1
3068	2025	10	1042	0	22	5	1.1
3069	2025	10	1043	0	22	337.36	74.22
3070	2025	10	1044	0	22	117.29	25.8
3071	2025	10	1045	0	10	216	21.6
3071	2025	10	1045	0	22	5	1.1
3072	2025	10	1046	0	22	477.8	105.12
3073	2025	10	1047	0	22	334.16	73.52
3074	2025	10	1048	0	4	36.06	1.44
3075	2025	10	1049	0	22	22.97	5.05
3076	2025	10	1050	0	22	5.9	1.3
3077	2025	10	1051	0	22	7.54	1.66
3078	2025	10	1052	0	22	2.7	0.6
3078	2025	10	1052	0	10	1.55	0.15
3079	2025	10	1053	0	4	48.08	1.92
3080	2025	10	1054	0	22	12.51	2.75
3081	2025	10	1055	0	22	0.12	0.03
3081	2025	10	1055	0	10	7.49	0.75
3082	2025	10	1056	0	22	11.19	2.46
3083	2025	10	1057	0	22	40.37	8.88
3084	2025	10	1058	0	4	14.42	0.58
3085	2025	10	1059	0	22	4.06	0.89
3086	2025	10	1060	0	4	38.46	1.54
3087	2025	10	1061	0	4	270	10.8
3087	2025	10	1061	0	22	1.3	0.29
3088	2025	10	1062	0	22	2459.1	541
3089	2025	10	1063	0	4	216	8.64
3089	2025	10	1063	0	22	1.3	0.29
3090	2025	10	1064	0	4	270	10.8
3090	2025	10	1064	0	22	1.3	0.29
3091	2025	10	1065	0	4	216	8.64
3091	2025	10	1065	0	22	1.3	0.29
3092	2025	10	1066	0	10	936.2	93.62
3093	2025	10	1067	0	10	121.45	12.15
3094	2025	10	1068	0	10	84.86	8.49
3095	2025	10	1069	0	10	164.38	16.44
3096	2025	10	1070	0	4	74.25	2.97
3096	2025	10	1070	0	10	184.3	18.43
3097	2025	10	1071	0	10	44.85	4.49
3098	2025	10	1072	0	10	4.68	0.47
3099	2025	10	1073	0	4	33.48	1.34
3099	2025	10	1073	0	10	13	1.3
3100	2025	10	1074	0	10	34	3.4
3101	2025	10	1075	0	22	13.52	2.97
3102	2025	10	1076	0	4	47.4	1.9
3103	2025	10	1077	0	4	49.5	1.98
3103	2025	10	1077	0	10	46.5	4.65
3103	2025	10	1077	0	22	4.95	1.09
3104	2025	10	1078	0	10	47.26	4.73
3105	2025	10	1079	0	4	24.75	0.99
3105	2025	10	1079	0	10	26.4	2.64
3105	2025	10	1079	0	22	83.7	18.41
3106	2025	10	1080	0	4	75	3
3106	2025	10	1080	0	10	41.95	4.2
3107	2025	10	1081	0	10	113.55	11.36
3108	2025	10	1082	0	4	24.75	0.99
3108	2025	10	1082	0	10	19.5	1.95
3108	2025	10	1082	0	22	13.52	2.97
3109	2025	10	1083	0	10	39.82	3.98
3110	2025	10	1084	0	4	49.5	1.98
3110	2025	10	1084	0	10	65.95	6.6
3110	2025	10	1084	0	22	4.95	1.09
3111	2025	10	1085	0	4	28.44	1.14
3112	2025	10	1086	0	4	49.5	1.98
3112	2025	10	1086	0	10	56.78	5.68
3112	2025	10	1086	0	22	13.52	2.97
3113	2025	10	1087	0	10	67.35	6.74
3114	2025	10	1088	0	4	49.5	1.98
3114	2025	10	1088	0	5	14.08	0.7
3114	2025	10	1088	0	10	136.2	13.62
3114	2025	10	1088	0	22	4.95	1.09
3115	2025	10	1089	0	4	37.92	1.52
3116	2025	10	1090	0	4	33.72	1.35
3116	2025	10	1090	0	10	11.36	1.14
3117	2025	10	1091	0	4	58.47	2.34
3117	2025	10	1091	0	10	13	1.3
3118	2025	10	1092	0	10	14.9	1.49
3119	2025	10	1093	0	4	37.92	1.52
3120	2025	10	1094	0	4	24.75	0.99
3120	2025	10	1094	0	22	13.52	2.97
3121	2025	10	1095	0	10	22.32	2.23
3122	2025	10	1096	0	4	49.5	1.98
3122	2025	10	1096	0	10	121.25	12.13
3122	2025	10	1096	0	22	4.95	1.09
3123	2025	10	1097	0	4	44.62	1.78
3123	2025	10	1097	0	10	25.71	2.57
3124	2025	10	1098	0	4	151.32	6.05
3125	2025	10	1099	0	22	98.52	21.67
3126	2025	10	1100	0	10	693.5	69.35
3127	2025	10	1101	0	10	2231.5	223.15
3128	2025	10	1102	0	10	36	3.6
3128	2025	10	1102	0	22	98.52	21.67
3129	2025	10	1103	0	4	75.66	3.03
3130	2025	10	1104	0	4	75.96	3.04
3130	2025	10	1104	0	10	25.71	2.57
3130	2025	10	1104	0	0	0.01	0
3131	2025	10	1105	0	22	119.92	26.38
3132	2025	10	1106	0	4	151.32	6.05
3133	2025	10	1107	0	4	75.96	3.04
3133	2025	10	1107	0	10	25.71	2.57
3133	2025	10	1107	0	0	0.01	0
3134	2025	10	1108	0	22	98.52	21.67
3135	2025	10	1109	0	4	75.96	3.04
3135	2025	10	1109	0	10	25.71	2.57
3135	2025	10	1109	0	0	0.01	0
3136	2025	10	1110	0	4	75.66	3.03
3137	2025	10	1111	0	22	3354.94	738.09
3137	2025	10	1111	0	0	0.05	0
3138	2025	10	1112	0	22	203.69	44.81
3138	2025	10	1112	0	0	69.72	0
3139	2025	10	1113	0	10	97.5	9.75
3140	2025	10	1114	0	0	139.44	0
3141	2025	10	1115	0	22	229.81	50.56
3142	2025	10	1116	0	4	206.75	8.27
3142	2025	10	1116	0	10	496.77	49.68
3142	2025	10	1116	0	22	1.6	0.35
3143	2025	10	1117	0	10	59.92	5.99
3143	2025	10	1117	0	22	1.6	0.35
3144	2025	10	1118	0	4	253.72	10.15
3144	2025	10	1118	0	10	623.7	62.37
3144	2025	10	1118	0	22	1.6	0.35
3145	2025	10	1119	0	4	193.39	7.74
3145	2025	10	1119	0	10	334.28	33.43
3145	2025	10	1119	0	22	1.6	0.35
3146	2025	10	1120	0	4	170.77	6.83
3146	2025	10	1120	0	10	679.13	67.91
3146	2025	10	1120	0	22	1.6	0.35
3147	2025	10	1121	0	4	65.49	2.62
3147	2025	10	1121	0	10	10.08	1.01
3147	2025	10	1121	0	22	1.6	0.35
3148	2025	10	1122	0	4	163.21	6.53
3148	2025	10	1122	0	10	448.17	44.82
3148	2025	10	1122	0	22	1.6	0.35
3149	2025	10	1123	0	4	544.53	21.78
3149	2025	10	1123	0	10	813.94	81.39
3149	2025	10	1123	0	22	1.6	0.35
3150	2025	10	1124	0	4	135.41	5.42
3150	2025	10	1124	0	10	390.44	39.04
3150	2025	10	1124	0	22	1.6	0.35
3151	2025	10	1125	0	10	138.95	13.9
3152	2025	10	1126	0	10	348.59	34.86
3153	2025	10	1127	0	10	186.77	18.68
3154	2025	10	1128	0	10	330.36	33.04
3155	2025	10	1129	0	10	146.63	14.66
3156	2025	10	1130	0	10	87.32	8.73
3157	2025	10	1131	0	10	297.22	29.72
3157	2025	10	1131	0	4	26.76	1.07
3158	2025	10	1132	0	10	67.7	6.77
3159	2025	10	1133	0	10	112.93	11.29
3160	2025	10	1134	0	10	87.32	8.73
3161	2025	10	1135	0	22	30.73	6.76
3161	2025	10	1135	0	10	233.7	23.37
3162	2025	10	1136	0	10	121.92	12.19
3163	2025	10	1137	0	10	128.36	12.84
3164	2025	10	1138	0	10	520	52
3165	2025	10	1139	0	10	520	52
3166	2025	10	1140	0	10	621.6	62.16
3167	2025	10	1141	0	22	5367.63	1180.88
3168	2025	10	1142	0	22	162.5	35.75
3169	2025	10	1143	0	22	218.3	48.03
3170	2025	10	1144	0	22	243.3	53.53
3171	2025	10	1145	0	22	146.9	32.32
3172	2025	10	1146	0	5	12	0.6
3172	2025	10	1146	0	22	218.3	48.03
3173	2025	10	1147	0	22	72.9	16.04
3174	2025	10	1148	0	10	42	4.2
3174	2025	10	1148	0	22	5	1.1
3175	2025	10	1149	0	22	28.83	6.34
3176	2025	10	1150	0	22	282.52	62.15
3177	2025	10	1151	0	22	275.32	60.57
3178	2025	10	1152	0	22	59.37	13.06
3179	2025	10	1153	0	10	111	11.1
3179	2025	10	1153	0	22	5	1.1
3180	2025	10	1154	0	22	372.97	82.05
3181	2025	10	1155	0	22	95	20.9
3182	2025	10	1156	0	10	129.5	12.95
3182	2025	10	1156	0	22	5	1.1
3183	2025	10	1157	0	22	82.75	18.21
3184	2025	10	1158	0	10	148	14.8
3184	2025	10	1158	0	22	5	1.1
3185	2025	10	1159	0	22	312.91	68.84
3186	2025	10	1160	0	22	36.43	8.02
3187	2025	10	1161	0	22	11.56	2.54
3187	2025	10	1161	0	4	3.33	0.13
3188	2025	10	1162	0	22	7.25	1.6
3188	2025	10	1162	0	4	2.86	0.11
3189	2025	10	1163	0	22	3.25	0.71
3190	2025	10	1164	0	4	14.42	0.58
3191	2025	10	1165	0	22	26.8	5.89
3192	2025	10	1166	0	4	12.02	0.48
3193	2025	10	1167	0	22	16750	3685
3194	2025	10	1168	0	4	216	8.64
3194	2025	10	1168	0	22	1.3	0.29
3195	2025	10	1169	0	4	198.72	7.95
3195	2025	10	1169	0	22	1.3	0.29
3196	2025	10	1170	0	4	162	6.48
3196	2025	10	1170	0	22	1.3	0.29
3197	2025	10	1171	0	10	362.93	36.29
3198	2025	10	1172	0	10	91.34	9.13
3199	2025	10	1173	0	10	164.38	16.44
3200	2025	10	1174	0	10	164.38	16.44
3201	2025	10	1175	0	10	54.84	5.48
3202	2025	10	1176	0	10	17.65	1.77
3203	2025	10	1177	0	10	110.45	11.05
3204	2025	10	1178	0	10	62.89	6.29
3205	2025	10	1179	0	4	24.75	0.99
3205	2025	10	1179	0	10	26.08	2.61
3205	2025	10	1179	0	22	13.52	2.97
3206	2025	10	1180	0	10	68.32	6.83
3207	2025	10	1181	0	4	49.5	1.98
3207	2025	10	1181	0	10	155.65	15.57
3207	2025	10	1181	0	22	4.95	1.09
3208	2025	10	1182	0	4	37.92	1.52
3209	2025	10	1183	0	4	49.5	1.98
3209	2025	10	1183	0	10	151.7	15.17
3210	2025	10	1184	0	4	37.92	1.52
3211	2025	10	1185	0	4	24.75	0.99
3211	2025	10	1185	0	10	36.01	3.6
3212	2025	10	1186	0	4	49.5	1.98
3212	2025	10	1186	0	10	120.44	12.04
3213	2025	10	1187	0	10	32.28	3.23
3214	2025	10	1188	0	4	28.44	1.14
3215	2025	10	1189	0	4	24.75	0.99
3215	2025	10	1189	0	5	14.08	0.7
3215	2025	10	1189	0	10	136.2	13.62
3215	2025	10	1189	0	22	4.95	1.09
3216	2025	10	1190	0	10	52.6	5.26
3217	2025	10	1191	0	4	24.75	0.99
3217	2025	10	1191	0	22	13.52	2.97
3218	2025	10	1192	0	10	19.5	1.95
3218	2025	10	1192	0	22	83.7	18.41
3219	2025	10	1193	0	10	40.82	4.08
3220	2025	10	1194	0	4	28.44	1.14
3221	2025	10	1195	0	10	136.2	13.62
3221	2025	10	1195	0	22	4.95	1.09
3222	2025	10	1196	0	10	14.04	1.4
3223	2025	10	1197	0	4	49.5	1.98
3223	2025	10	1197	0	10	44.87	4.49
3223	2025	10	1197	0	22	13.52	2.97
3224	2025	10	1198	0	10	33.48	3.35
3225	2025	10	1199	0	10	14.04	1.4
3226	2025	10	1200	0	22	159.3	35.05
3227	2025	10	1201	0	5	5	0.25
3227	2025	10	1201	0	22	152.2	33.48
3228	2025	10	1202	0	22	239.84	52.76
3229	2025	10	1203	0	4	75.66	3.03
3230	2025	10	1204	0	4	60.3	2.41
3230	2025	10	1204	0	10	25.71	2.57
3231	2025	10	1205	0	10	1277.5	127.75
3232	2025	10	1206	0	10	1282.5	128.25
3233	2025	10	1207	0	10	36	3.6
3233	2025	10	1207	0	22	197.04	43.35
3234	2025	10	1208	0	4	75.96	3.04
3234	2025	10	1208	0	10	25.71	2.57
3234	2025	10	1208	0	0	0.01	0
3235	2025	10	1209	0	4	50.44	2.02
3236	2025	10	1210	0	4	75.96	3.04
3236	2025	10	1210	0	0	0.01	0
3237	2025	10	1211	0	4	176.54	7.06
3238	2025	10	1212	0	22	98.52	21.67
3239	2025	10	1213	0	22	1235	271.7
3239	2025	10	1213	0	0	2	0
3239	2025	10	1213	0	0	309.9	0
3240	2025	10	1214	0	22	1324.86	291.47
3240	2025	10	1214	0	0	2	0
3240	2025	10	1214	0	0	309.9	0
3241	2025	10	1215	0	22	98.28	21.62
3242	2025	10	1216	0	22	218.04	47.97
3243	2025	10	1217	0	4	177.66	7.11
3243	2025	10	1217	0	10	427.14	42.71
3243	2025	10	1217	0	22	1.6	0.35
3244	2025	10	1218	0	4	316.44	12.66
3244	2025	10	1218	0	10	1294.75	129.48
3244	2025	10	1218	0	22	1.6	0.35
3245	2025	10	1219	0	4	149.86	5.99
3245	2025	10	1219	0	10	399.89	39.99
3245	2025	10	1219	0	22	1.6	0.35
3246	2025	10	1220	0	4	133.01	5.32
3246	2025	10	1220	0	22	1.6	0.35
3247	2025	10	1221	0	4	163.21	6.53
3247	2025	10	1221	0	10	479.28	47.93
3247	2025	10	1221	0	22	1.6	0.35
3248	2025	10	1222	0	4	15	0.6
3248	2025	10	1222	0	22	1.6	0.35
3249	2025	10	1223	0	4	425.89	17.04
3249	2025	10	1223	0	10	532.14	53.21
3249	2025	10	1223	0	22	7.92	1.74
3250	2025	10	1224	0	4	360.63	14.43
3250	2025	10	1224	0	10	417.15	41.72
3250	2025	10	1224	0	22	1.6	0.35
3251	2025	10	1225	0	10	138.95	13.9
3252	2025	10	1226	0	10	259.07	25.91
3253	2025	10	1227	0	10	204.49	20.45
3254	2025	10	1228	0	10	47.18	4.72
3255	2025	10	1229	0	10	251.31	25.13
3256	2025	10	1230	0	10	67.7	6.77
3257	2025	10	1231	0	10	151.94	15.19
3258	2025	10	1232	0	10	159.34	15.93
3258	2025	10	1232	0	22	198.61	43.69
3259	2025	10	1233	0	10	170.21	17.02
3260	2025	10	1234	0	10	227.14	22.71
3261	2025	10	1235	0	10	128.36	12.84
0	2025	20	180	1	10	1181.182	118.1182
0	2025	20	180	1	0	240.8	0
0	2025	20	180	2	10	612.8182	61.28183
0	2025	20	181	1	10	1256.909	125.6909
0	2025	20	181	1	0	163.9	0
0	2025	20	181	2	10	485.5454	48.55456
0	2025	20	182	1	10	1072.591	107.2591
0	2025	20	182	1	0	161.2	0
0	2025	20	182	2	10	595.5455	59.55456
0	2025	20	183	1	10	1236.454	123.6455
0	2025	20	183	1	0	145.4	0
0	2025	20	183	2	10	641	64.10001
0	2025	20	184	1	10	2370.155	237.0155
0	2025	20	184	1	0	62.83	0
0	2025	20	184	2	10	960.6364	96.06366
0	2025	20	185	1	10	1775.545	177.5546
0	2025	20	185	1	0	366.7	0
0	2025	20	185	2	10	976.8182	97.68184
0	2025	20	186	1	10	1837.818	183.7819
0	2025	20	186	1	0	336.86	0
0	2025	20	186	2	10	1094.454	109.4455
0	2025	20	187	1	10	1497.545	149.7546
0	2025	20	187	1	0	394.7	0
0	2025	20	187	2	10	903.6364	90.36366
0	2025	20	188	1	10	1202.218	120.2218
0	2025	20	188	1	0	242.04	0
0	2025	20	188	2	10	581	58.10001
0	2025	20	189	1	10	1054.818	105.4818
0	2025	20	189	1	0	159	0
0	2025	20	189	2	10	722.2727	72.22729
0	2025	20	190	1	10	1323.736	132.3737
0	2025	20	190	1	0	255.04	0
0	2025	20	190	2	10	770.8182	77.08183
0	2025	20	191	1	10	2095.455	209.5455
0	2025	20	191	1	0	327.1	0
0	2025	20	191	2	10	852.0909	85.20911
0	2025	20	192	1	10	2432.227	243.2228
0	2025	20	192	1	0	469.45	0
0	2025	20	192	2	10	1544.909	154.4909
0	2025	20	193	1	10	1779.273	177.9273
0	2025	20	193	1	0	290.6	0
0	2025	20	193	2	10	915.4545	91.54547
0	2025	20	194	1	10	1423.145	142.3146
0	2025	20	194	1	0	259.33	0
0	2025	20	194	2	10	605.0909	60.50911
0	2025	20	195	1	10	1107.636	110.7637
0	2025	20	195	1	0	256.5	0
0	2025	20	195	2	10	695.9091	69.59093
0	2025	20	196	1	10	1051.182	105.1182
0	2025	20	196	1	0	411.91	0
0	2025	20	196	2	10	870.5454	87.05457
0	2025	20	197	1	10	1140.818	114.0818
0	2025	20	197	1	0	366.2	0
0	2025	20	197	2	10	764	76.40002
0	2025	20	198	1	10	2066.273	206.6273
0	2025	20	198	1	0	337.1	0
0	2025	20	198	2	10	990.3636	99.03638
0	2025	20	199	1	10	1681.364	168.1364
0	2025	20	199	1	0	326.6	0
0	2025	20	199	2	10	1047.091	104.7091
0	2025	20	200	1	10	1301.545	130.1546
0	2025	20	200	1	0	394.3	0
0	2025	20	200	2	10	856	85.60002
0	2025	20	201	1	10	1028.454	102.8455
0	2025	20	201	1	0	278.5	0
0	2025	20	201	2	10	789.2727	78.92729
0	2025	20	202	1	10	1276.182	127.6182
0	2025	20	202	1	0	427.6	0
0	2025	20	202	2	10	691.3636	69.13638
0	2025	20	203	1	10	1307.818	130.7818
0	2025	20	203	1	0	306.5	0
0	2025	20	203	2	10	677.9091	67.79092
0	2025	20	204	1	10	1210.636	121.0637
0	2025	20	204	1	0	296.75	0
0	2025	20	204	2	10	805	80.50002
0	2025	20	205	1	10	3094.464	309.4464
0	2025	20	205	1	0	880.09	0
0	2025	20	205	2	10	1888.182	188.8182
0	2025	20	206	1	10	1784.218	178.4219
0	2025	20	206	1	0	332.36	0
0	2025	20	206	2	10	1016.273	101.6273
0	2025	20	207	1	10	1904.582	190.4582
0	2025	20	207	1	0	751.73	0
0	2025	20	207	2	10	1211.636	121.1637
0	2025	20	208	1	10	1337.518	133.7518
0	2025	20	208	1	0	183.33	0
0	2025	20	208	2	10	617	61.70001
0	2025	20	209	1	10	1193.218	119.3218
0	2025	20	209	1	0	272.71	0
0	2025	20	209	2	10	696.0909	69.60911
0	2025	20	210	1	10	1063.909	106.3909
0	2025	20	210	1	0	555.05	0
0	2025	20	210	2	10	731.4545	73.14547
0	2025	20	211	1	10	1730.454	173.0455
0	2025	20	211	1	0	935.15	0
0	2025	20	211	2	10	865	86.50002
0	2025	20	212	1	10	2185.1	218.51
0	2025	20	212	1	0	377.39	0
0	2025	20	212	2	10	955.8182	95.58184
0	2025	20	213	1	10	1616.545	161.6546
0	2025	20	213	1	0	506.9	0
0	2025	20	213	2	10	1269.818	126.9818
0	2025	20	214	1	10	1776.155	177.6155
0	2025	20	214	1	0	284.95	0
0	2025	20	214	2	10	1025.182	102.5182
0	2025	20	215	1	10	1398.545	139.8546
0	2025	20	215	1	0	463.8	0
0	2025	20	215	2	10	893.5454	89.35457
0	2025	20	216	1	10	1184.545	118.4546
0	2025	20	216	1	0	366.6	0
0	2025	20	216	2	10	694.9091	69.49092
0	2025	20	217	1	10	1509.182	150.9182
0	2025	20	217	1	0	224.4	0
0	2025	20	217	2	10	855	85.50002
0	2025	20	218	1	10	1437.527	143.7528
0	2025	20	218	1	0	371.75	0
0	2025	20	218	2	10	897.5454	89.75456
0	2025	20	219	1	10	2368.409	236.841
0	2025	20	219	1	0	426.35	0
0	2025	20	219	2	10	1019.909	101.9909
0	2025	20	220	1	10	2083.773	208.3773
0	2025	20	220	1	0	335.3	0
0	2025	20	220	2	10	1107.091	110.7091
0	2025	20	220	2	0	20	0
0	2025	20	221	1	10	1856.273	185.6273
0	2025	20	221	1	0	416.41	0
0	2025	20	221	2	10	975.4545	97.54548
0	2025	20	222	1	10	1771.136	177.1137
0	2025	20	222	1	0	467.7	0
0	2025	20	222	2	10	1112.818	111.2818
0	2025	20	223	1	10	2004.545	200.4546
0	2025	20	223	1	0	247	0
0	2025	20	223	2	10	1055.636	105.5637
0	2025	20	224	1	10	1944.255	194.4255
0	2025	20	224	1	0	394.54	0
0	2025	20	224	2	10	1010.091	101.0091
0	2025	20	225	1	10	2146.554	214.6555
0	2025	20	225	1	0	696.89	0
0	2025	20	225	2	10	1543.545	154.3546
0	2025	20	226	1	10	2472.173	247.2173
0	2025	20	226	1	0	414.71	0
0	2025	20	226	2	10	1352.454	135.2455
0	2025	20	227	1	10	1914.609	191.461
0	2025	20	227	1	0	723.93	0
0	2025	20	227	2	10	1118.091	111.8091
0	2025	20	228	1	10	1921.664	192.1664
0	2025	20	228	1	0	483.47	0
0	2025	20	228	2	10	1158	115.8
0	2025	20	229	1	10	2182.864	218.2864
0	2025	20	229	1	0	291.7	0
0	2025	20	229	2	10	1198.909	119.8909
0	2025	20	230	1	10	1714.409	171.4409
0	2025	20	230	1	0	491.7	0
0	2025	20	230	2	10	832.2727	83.22729
0	2025	20	231	1	10	2963.209	296.321
0	2025	20	231	1	0	582.67	0
0	2025	20	231	2	10	1730.909	173.0909
0	2025	20	232	1	10	1637.973	163.7973
0	2025	20	232	1	0	349.93	0
0	2025	20	232	2	10	1036.545	103.6546
0	2025	20	233	1	10	2592.727	259.2728
0	2025	20	233	1	0	213.63	0
0	2025	20	233	2	10	1019	101.9
0	2025	20	234	1	10	1969.573	196.9573
0	2025	20	234	1	0	375.21	0
0	2025	20	234	2	10	1110.364	111.0364
0	2025	20	235	1	10	1387.818	138.7818
0	2025	20	235	1	0	483.3	0
0	2025	20	235	2	10	801.5454	80.15456
0	2025	20	236	1	10	1331.636	133.1637
0	2025	20	236	1	0	289.1	0
0	2025	20	236	2	10	689.6364	68.96365
0	2025	20	237	1	10	1431.273	143.1273
0	2025	20	237	1	0	141	0
0	2025	20	237	2	10	620.7272	62.07274
0	2025	20	238	1	10	1536.591	153.6591
0	2025	20	238	1	0	533.85	0
0	2025	20	238	2	10	860.3636	86.03638
0	2025	20	239	1	10	2285.773	228.5773
0	2025	20	239	1	0	698.85	0
0	2025	20	239	2	10	1452.454	145.2455
0	2025	20	240	1	10	2161.545	216.1546
0	2025	20	240	1	0	697.1	0
0	2025	20	240	2	10	1278.091	127.8091
0	2025	20	241	1	10	1660.364	166.0364
0	2025	20	241	1	0	348.17	0
0	2025	20	241	2	10	1073.327	107.3327
3324	2025	10	1236	0	22	22.95	5.05
0	2025	20	242	1	10	1248.182	124.8182
0	2025	20	242	1	0	485.13	0
0	2025	20	242	2	10	752.4272	75.24274
0	2025	20	243	1	10	1375	137.5
0	2025	20	243	1	0	663.45	0
0	2025	20	243	2	10	1050.064	105.0064
0	2025	20	244	1	10	1005.818	100.5818
0	2025	20	244	1	0	317.21	0
0	2025	20	244	2	10	486.9	48.69001
0	2025	20	245	1	10	1384.909	138.4909
0	2025	20	245	1	0	207.8	0
0	2025	20	245	2	10	696.8	69.68002
0	2025	20	246	1	10	1279.636	127.9637
0	2025	20	246	1	0	195.2	0
0	2025	20	246	2	10	662.8182	66.28183
0	2025	20	247	1	10	1545.127	154.5128
0	2025	20	247	1	0	543.28	0
0	2025	20	247	2	10	831.8727	83.18729
0	2025	20	248	1	10	1609.545	160.9546
0	2025	20	248	1	0	184.22	0
0	2025	20	248	2	10	930.0727	93.00729
0	2025	20	249	1	10	1106.464	110.6464
0	2025	20	249	1	0	355.85	0
0	2025	20	249	2	10	724.4454	72.44456
0	2025	20	250	1	10	909.5454	90.95457
0	2025	20	250	1	0	411.53	0
0	2025	20	250	2	10	589.7909	58.9791
0	2025	20	251	1	10	1426.091	142.6091
0	2025	20	251	1	0	403.71	0
0	2025	20	251	2	10	961.3364	96.13366
0	2025	20	252	1	10	1187.727	118.7728
0	2025	20	252	1	0	404.5	0
0	2025	20	252	2	10	609	60.90001
0	2025	20	253	1	10	847	84.70002
0	2025	20	253	1	0	423.79	0
0	2025	20	253	2	10	511.2727	51.12729
0	2025	20	254	1	10	1972.482	197.2482
0	2025	20	254	1	0	629.57	0
0	2025	20	254	2	10	819.5091	81.95093
0	2025	20	255	1	10	1285.927	128.5928
0	2025	20	255	1	0	622	0
0	2025	20	255	2	10	831.4363	83.14365
0	2025	20	256	1	10	814.0727	81.40729
0	2025	20	256	1	0	201.52	0
0	2025	20	256	2	10	382.4545	38.24546
0	2025	20	257	1	10	971.0909	97.10912
0	2025	20	257	1	0	191.81	0
0	2025	20	257	2	10	525.5364	52.55365
0	2025	20	258	1	10	754.5454	75.45456
0	2025	20	258	1	0	419.75	0
0	2025	20	258	2	10	454.6364	45.46365
0	2025	20	259	1	10	977.1182	97.71184
0	2025	20	259	1	0	218.86	0
0	2025	20	259	2	10	558.8909	55.8891
0	2025	20	260	1	10	1017.909	101.7909
0	2025	20	260	1	0	143.92	0
0	2025	20	260	2	10	486.2636	48.62637
0	2025	20	261	1	10	1533.227	153.3228
0	2025	20	261	1	0	824.65	0
0	2025	20	261	2	10	771.0818	77.1082
0	2025	20	262	1	10	1398.964	139.8964
0	2025	20	262	1	0	290.26	0
0	2025	20	262	2	10	739.7545	73.97547
0	2025	20	263	1	10	884.4545	88.44547
0	2025	20	263	1	0	239.7	0
0	2025	20	263	2	10	468.9091	46.89092
0	2025	20	264	1	10	1196.636	119.6637
0	2025	20	264	1	0	271.77	0
0	2025	20	264	2	10	490.6364	49.06365
0	2025	20	265	1	10	857.7363	85.77366
0	2025	20	265	1	0	395.49	0
0	2025	20	265	2	10	550.5455	55.05456
0	2025	20	266	1	10	1063.164	106.3164
0	2025	20	266	1	0	172.65	0
0	2025	20	266	2	10	499.7	49.97001
0	2025	20	267	1	10	1077	107.7
0	2025	20	267	1	0	174.81	0
0	2025	20	267	2	10	660.5091	66.05093
0	2025	20	268	1	10	2317	231.7
0	2025	20	268	1	0	460.84	0
0	2025	20	268	2	10	795.5091	79.55093
0	2025	20	269	1	10	1575.973	157.5973
0	2025	20	269	1	0	397.44	0
0	2025	20	269	2	10	885.0636	88.50639
0	2025	20	270	1	10	1049.545	104.9546
0	2025	20	270	1	0	114.6	0
0	2025	20	270	2	10	562.5364	56.25365
0	2025	20	271	1	10	841.1182	84.11184
0	2025	20	271	1	0	304.87	0
0	2025	20	271	2	10	484.5454	48.45456
0	2025	20	271	2	0	4.6	0
0	2025	20	272	1	10	755.1818	75.5182
0	2025	20	272	1	0	551	0
0	2025	20	272	2	10	501.7182	50.17183
0	2025	20	272	2	0	29.11	0
0	2025	20	273	1	10	913.5454	91.35457
0	2025	20	273	1	0	351.8	0
0	2025	20	273	2	10	449.9909	44.9991
0	2025	20	273	2	0	20.11	0
0	2025	20	274	1	10	1166.273	116.6273
0	2025	20	274	1	0	317.1	0
0	2025	20	274	2	10	599.7272	59.97274
0	2025	20	274	2	0	52.1	0
0	2025	20	275	1	10	2337.318	233.7319
0	2025	20	275	1	0	523.35	0
0	2025	20	275	2	10	718.4545	71.84547
0	2025	20	275	2	0	15.09	0
0	2025	20	276	1	10	1663.1	166.31
0	2025	20	276	1	0	458.65	0
0	2025	20	276	2	10	1023.436	102.3437
0	2025	20	276	2	0	46.02	0
0	2025	20	277	1	10	778.6545	77.86547
0	2025	20	277	1	0	144.28	0
0	2025	20	277	2	10	403	40.30001
0	2025	20	277	2	0	25.8	0
0	2025	20	278	1	10	1326.564	132.6564
0	2025	20	278	1	0	93.68	0
0	2025	20	278	2	10	484.1818	48.41819
0	2025	20	278	2	0	17.6	0
0	2025	20	279	1	10	851.2636	85.12638
0	2025	20	279	1	0	302.61	0
0	2025	20	279	2	10	355.0818	35.50819
0	2025	20	279	2	0	22.71	0
0	2025	20	280	1	10	837.7636	83.77638
0	2025	20	280	1	0	256.76	0
0	2025	20	280	2	10	448.8091	44.88092
0	2025	20	280	2	0	7.81	0
0	2025	20	281	1	10	1108.727	110.8727
0	2025	20	281	1	0	252.8	0
0	2025	20	281	2	10	511.9091	51.19092
0	2025	20	281	2	0	14.8	0
0	2025	20	282	1	10	2221.345	222.1346
0	2025	20	282	1	0	233.04	0
0	2025	20	282	2	10	732.2545	73.22547
0	2025	20	282	2	0	38.88	0
0	2025	20	283	1	10	1512.945	151.2946
0	2025	20	283	1	0	171.48	0
0	2025	20	283	2	10	860.0818	86.0082
0	2025	20	283	2	0	23.81	0
0	2025	20	284	1	10	842.0909	84.20911
0	2025	20	284	1	0	137.4	0
0	2025	20	284	2	10	366.0909	36.6091
0	2025	20	284	2	0	7.1	0
0	2025	20	285	1	10	606.6182	60.66183
0	2025	20	285	1	0	370.27	0
0	2025	20	285	2	10	362.4545	36.24546
0	2025	20	285	2	0	6	0
0	2025	20	286	1	10	906.6364	90.66366
0	2025	20	286	1	0	503.7	0
0	2025	20	286	2	10	485.1636	48.51637
0	2025	20	286	2	0	28.61	0
0	2025	20	287	1	10	1014.818	101.4818
0	2025	20	287	1	0	296.9	0
0	2025	20	287	2	10	495.3636	49.53637
0	2025	20	287	2	0	17.3	0
0	2025	20	288	1	10	1145.909	114.5909
0	2025	20	288	1	0	129.3	0
0	2025	20	288	2	10	480.5454	48.05455
0	2025	20	288	2	0	18.25	0
0	2025	20	289	1	10	1952.054	195.2055
0	2025	20	289	1	0	635.74	0
0	2025	20	289	2	10	593.7272	59.37274
0	2025	20	289	2	0	37.4	0
0	2025	20	290	1	10	1395.009	139.5009
0	2025	20	290	1	0	369.79	0
0	2025	20	290	2	10	998.7	99.87002
0	2025	20	290	2	0	44.48	0
0	2025	20	291	1	10	681.2727	68.12729
0	2025	20	291	1	0	96.5	0
0	2025	20	291	2	10	398.3636	39.83637
0	2025	20	291	2	0	12.39	0
0	2025	20	292	1	10	556.1818	55.61819
0	2025	20	292	1	0	374.9	0
0	2025	20	292	2	10	488.3636	48.83637
0	2025	20	293	1	10	544.5455	54.45456
0	2025	20	293	1	0	97.8	0
0	2025	20	293	2	10	411.9091	41.19092
0	2025	20	293	2	0	14.2	0
0	2025	20	294	1	10	710.9818	71.0982
0	2025	20	294	1	0	283.82	0
0	2025	20	294	2	10	486.2636	48.62637
0	2025	20	294	2	0	7.51	0
0	2025	20	295	1	10	999.1818	99.91821
0	2025	20	295	1	0	104.1	0
0	2025	20	295	2	10	588.7181	58.87183
0	2025	20	295	2	0	9.51	0
0	2025	20	296	1	10	2329.036	232.9037
0	2025	20	296	1	0	562.46	0
0	2025	20	296	2	10	859.6091	85.96093
0	2025	20	296	2	0	21.31	0
0	2025	20	297	1	10	1653.954	165.3955
0	2025	20	297	1	0	429.75	0
0	2025	20	297	2	10	916.0818	91.6082
0	2025	20	297	2	0	41.81	0
0	2025	20	298	1	10	666.9091	66.69093
0	2025	20	298	1	0	173.8	0
0	2025	20	298	2	10	356.2727	35.62728
0	2025	20	298	2	0	8.55	0
0	2025	20	299	1	10	636.7818	63.6782
0	2025	20	299	1	0	238.84	0
0	2025	20	299	2	10	337.1818	33.71819
0	2025	20	299	2	0	35.6	0
0	2025	20	300	1	10	721.5273	72.15274
0	2025	20	300	1	0	284.52	0
0	2025	20	300	2	10	428.3545	42.83546
0	2025	20	300	2	0	9.15	0
0	2025	20	301	1	10	748.5091	74.85092
0	2025	20	301	1	0	311.44	0
0	2025	20	301	2	10	529.6364	52.96365
0	2025	20	302	1	10	1127.864	112.7864
0	2025	20	302	1	0	60.6	0
0	2025	20	302	2	10	369.8	36.98001
0	2025	20	302	2	0	107.92	0
3386	2025	10	1237	0	10	1465	146.5
3387	2024	10	1506	0	10	97.25	9.73
3388	2025	10	1238	0	4	4598.6	183.94
3389	2025	10	1239	0	4	5349.3	213.97
3390	2025	10	1240	0	4	3979.35	159.17
3391	2025	10	1241	0	4	3686.7	147.47
3392	2025	10	1242	0	4	3726.9	149.08
2286	2024	10	1511	0	22	12.13	2.67
3418	2025	10	1288	0	22	13.52	2.97
3419	2025	10	1289	0	4	18.96	0.76
3420	2025	10	1290	0	10	89.7	8.97
3421	2025	10	1291	0	4	24.75	0.99
3421	2025	10	1291	0	10	62	6.2
3422	2025	10	1292	0	4	33.72	1.35
3422	2025	10	1292	0	10	8.49	0.85
3423	2025	10	1293	0	10	26.75	2.68
3424	2025	10	1294	0	10	63.6	6.36
3425	2025	10	1295	0	4	74.25	2.97
3425	2025	10	1295	0	10	142.59	14.26
3426	2025	10	1296	0	4	49.5	1.98
3426	2025	10	1296	0	5	14.08	0.7
3426	2025	10	1296	0	10	89.7	8.97
3426	2025	10	1296	0	22	4.95	1.09
3427	2025	10	1297	0	4	47.4	1.9
3428	2025	10	1298	0	4	24.75	0.99
3428	2025	10	1298	0	10	25.01	2.5
3428	2025	10	1298	0	22	13.52	2.97
3429	2025	10	1299	0	10	40.82	4.08
3430	2025	10	1300	0	10	46.5	4.65
3431	2025	10	1301	0	5	6	0.3
3431	2025	10	1301	0	22	85.59	18.83
3432	2025	10	1302	0	5	6	0.3
3432	2025	10	1302	0	22	256.5	56.43
3433	2025	10	1303	0	4	1005.1	40.2
3434	2025	10	1304	0	5	6	0.3
3434	2025	10	1304	0	22	146.3	32.19
3435	2025	10	1305	0	22	146.8	32.3
3436	2025	10	1306	0	22	100	22
3437	2025	10	1307	0	22	196.3	43.19
3438	2025	10	1308	0	5	6	0.3
3438	2025	10	1308	0	22	44.1	9.7
3439	2025	10	1309	0	22	146.3	32.19
3440	2025	10	1310	0	22	239.2	52.62
3441	2025	10	1311	0	4	75.96	3.04
3441	2025	10	1311	0	10	25.71	2.58
3442	2025	10	1312	0	4	72.75	2.91
3443	2025	10	1313	0	22	98.52	21.67
3444	2025	10	1314	0	4	75.96	3.04
3444	2025	10	1314	0	10	25.71	2.58
3445	2025	10	1315	0	4	97	3.88
3446	2025	10	1316	0	22	98.52	21.67
3447	2025	10	1317	0	10	1496.5	149.65
3448	2025	10	1318	0	10	624.5	62.45
3449	2025	10	1319	0	10	36	3.6
3449	2025	10	1319	0	22	119.92	26.38
3450	2025	10	1320	0	4	72.75	2.91
3451	2025	10	1321	0	4	44.62	1.78
3451	2025	10	1321	0	10	25.71	2.57
3452	2025	10	1322	0	22	1490.13	327.83
3453	2025	10	1323	0	22	1692.09	372.26
3454	2025	10	1324	0	22	1137.9	250.34
3455	2025	10	1325	0	10	175	17.5
3456	2025	10	1326	0	22	194.13	42.71
3457	2025	10	1327	0	10	523.8	52.38
3457	2025	10	1327	0	22	1122	246.84
3458	2025	10	1328	0	4	265.69	10.63
3458	2025	10	1328	0	10	363.26	36.33
3458	2025	10	1328	0	22	1.6	0.35
3459	2025	10	1329	0	4	58.33	2.33
3459	2025	10	1329	0	10	18.83	1.88
3459	2025	10	1329	0	22	1.6	0.35
3460	2025	10	1330	0	10	15.5	1.55
3461	2025	10	1331	0	4	138.14	5.53
3461	2025	10	1331	0	10	438.36	43.84
3461	2025	10	1331	0	22	1.6	0.35
3462	2025	10	1332	0	10	15.5	1.55
3463	2025	10	1333	0	4	57.92	2.32
3463	2025	10	1333	0	10	39.27	3.93
3463	2025	10	1333	0	22	1.6	0.35
3464	2025	10	1334	0	4	96.53	3.86
3464	2025	10	1334	0	22	1.6	0.35
3465	2025	10	1335	0	4	866.34	34.65
3465	2025	10	1335	0	10	554.64	55.46
3465	2025	10	1335	0	22	1.6	0.35
3466	2025	10	1336	0	4	251.24	10.05
3466	2025	10	1336	0	10	390.97	39.1
3466	2025	10	1336	0	22	1.6	0.35
3467	2025	10	1337	0	4	308.2	12.33
3467	2025	10	1337	0	10	429.03	42.9
3467	2025	10	1337	0	22	1.6	0.35
3468	2025	10	1338	0	4	114.61	4.58
3468	2025	10	1338	0	22	1.6	0.35
3469	2025	10	1339	0	10	105.59	10.56
3470	2025	10	1340	0	10	109.65	10.97
3471	2025	10	1341	0	10	154.2	15.42
3472	2025	10	1342	0	10	95.51	9.55
3473	2025	10	1343	0	10	81.18	8.12
3474	2025	10	1344	0	10	70.76	7.08
3475	2025	10	1345	0	10	203.32	20.33
3476	2025	10	1346	0	10	47.18	4.72
3477	2025	10	1347	0	10	112.93	11.29
3478	2025	10	1348	0	10	211.99	21.2
3479	2025	10	1349	0	10	107.84	10.78
3480	2025	10	1350	0	10	186.94	18.69
3481	2025	10	1351	0	10	146.63	14.66
3482	2025	10	1352	0	10	520	52
3483	2025	10	1353	0	10	962.89	96.29
3484	2025	10	1354	0	10	185	18.5
3484	2025	10	1354	0	22	5	1.1
3485	2025	10	1355	0	10	58.5	5.85
3485	2025	10	1355	0	22	5	1.1
3486	2025	10	1356	0	22	222.76	49.01
3487	2025	10	1357	0	22	32.58	7.17
3488	2025	10	1358	0	22	215	47.3
3489	2025	10	1359	0	22	202.7	44.59
3490	2025	10	1360	0	22	394	86.68
3491	2025	10	1361	0	10	111	11.1
3491	2025	10	1361	0	22	5	1.1
3492	2025	10	1362	0	22	117.3	25.81
3493	2025	10	1363	0	22	117.02	25.74
3494	2025	10	1364	0	22	375.67	82.65
3495	2025	10	1365	0	10	74	7.4
3495	2025	10	1365	0	22	5	1.1
3496	2025	10	1366	0	10	148	14.8
3496	2025	10	1366	0	22	5	1.1
3497	2025	10	1367	0	22	130	28.6
3498	2025	10	1368	0	22	568.72	125.12
3499	2025	10	1369	0	22	285.24	62.75
3500	2025	10	1370	0	22	280.43	61.69
3501	2025	10	1371	0	22	86.15	18.95
3502	2025	10	1372	0	22	820	180.4
3503	2025	10	1373	0	10	129.5	12.95
3503	2025	10	1373	0	22	5	1.1
3504	2025	10	1374	0	4	24.04	0.96
3505	2025	10	1375	0	10	8.12	0.81
3506	2025	10	1376	0	22	7.13	1.57
3507	2025	10	1377	0	22	25.84	5.69
3508	2025	10	1378	0	4	9.62	0.38
3509	2025	10	1379	0	10	8.11	0.81
3510	2025	10	1380	0	4	9.62	0.38
3511	2025	10	1381	0	10	6.64	0.66
3511	2025	10	1381	0	4	24.04	0.96
3512	2025	10	1382	0	4	3.83	0.15
3513	2025	10	1383	0	22	0.12	0.03
3513	2025	10	1383	0	4	16.83	0.67
3514	2025	10	1384	0	22	11.48	2.52
3514	2025	10	1384	0	10	5.27	0.53
3515	2025	10	1385	0	22	0.12	0.03
3515	2025	10	1385	0	4	36.06	1.44
3516	2025	10	1386	0	4	8.08	0.32
3517	2025	10	1387	0	22	4000	880
3518	2025	10	1388	0	10	623.64	62.36
3519	2025	10	1389	0	10	83.69	8.37
3520	2025	10	1390	0	10	91.26	9.13
3521	2025	10	1391	0	10	164.38	16.44
3522	2025	10	1392	0	4	24.75	0.99
3522	2025	10	1392	0	10	41.73	4.17
3523	2025	10	1393	0	10	52.6	5.26
3524	2025	10	1394	0	4	49.5	1.98
3524	2025	10	1394	0	10	136.2	13.62
3524	2025	10	1394	0	22	4.95	1.09
3525	2025	10	1395	0	4	28.44	1.14
3526	2025	10	1396	0	10	46	4.6
3527	2025	10	1397	0	10	54.84	5.48
3528	2025	10	1398	0	10	29.9	2.99
3529	2025	10	1399	0	10	66.9	6.69
3530	2025	10	1400	0	4	49.5	1.98
3530	2025	10	1400	0	10	26.08	2.61
3530	2025	10	1400	0	22	13.52	2.97
3531	2025	10	1401	0	4	37.92	1.52
3532	2025	10	1402	0	4	24.75	0.99
3532	2025	10	1402	0	10	105.16	10.52
3532	2025	10	1402	0	22	4.95	1.09
3533	2025	10	1403	0	4	33.72	1.35
3533	2025	10	1403	0	10	100.5	10.05
3534	2025	10	1404	0	10	59.8	5.98
3535	2025	10	1405	0	10	13.78	1.38
3536	2025	10	1406	0	4	49.5	1.98
3536	2025	10	1406	0	10	42.65	4.27
3536	2025	10	1406	0	22	13.52	2.97
3537	2025	10	1407	0	4	47.4	1.9
3538	2025	10	1408	0	4	24.75	0.99
3538	2025	10	1408	0	5	14.08	0.7
3538	2025	10	1408	0	10	181.6	18.16
3538	2025	10	1408	0	22	4.95	1.09
3539	2025	10	1409	0	10	57.32	5.73
3540	2025	10	1410	0	10	36.1	3.61
3541	2025	10	1411	0	10	54.84	5.48
3541	2025	10	1411	0	22	83.7	18.41
3542	2025	10	1412	0	4	99.75	3.99
3542	2025	10	1412	0	10	24.48	2.45
3542	2025	10	1412	0	22	13.52	2.97
3543	2025	10	1413	0	4	37.92	1.52
3544	2025	10	1414	0	4	24.75	0.99
3544	2025	10	1414	0	10	166.1	16.61
3544	2025	10	1414	0	22	4.95	1.09
3545	2025	10	1415	0	4	49.5	1.98
3545	2025	10	1415	0	10	166.1	16.61
3546	2025	10	1416	0	10	123.68	12.37
3547	2025	10	1417	0	4	107.97	4.32
3547	2025	10	1417	0	10	121.37	12.14
3548	2025	10	1418	0	4	37.92	1.52
3548	2025	10	1418	0	10	71.52	7.15
3549	2025	10	1419	0	5	6	0.3
3549	2025	10	1419	0	22	149.05	32.79
3550	2025	10	1420	0	5	6	0.3
3550	2025	10	1420	0	22	267.36	58.82
3551	2025	10	1421	0	22	197.3	43.41
3552	2025	10	1422	0	22	57.7	12.69
3553	2025	10	1423	0	5	6	0.3
3553	2025	10	1423	0	22	193.3	42.53
3554	2025	10	1424	0	5	12	0.6
3554	2025	10	1424	0	22	220.1	48.42
3555	2025	10	1425	0	22	57.1	12.56
3556	2025	10	1426	0	5	6	0.3
3556	2025	10	1426	0	22	240.3	52.87
3557	2025	10	1427	0	22	50	11
3558	2025	10	1428	0	22	70	15.4
3559	2025	10	1429	0	5	6	0.3
3559	2025	10	1429	0	22	265.3	58.37
2041	2025	10	1430	0	22	94.9	20.88
3560	2025	10	1431	0	22	4.84	1.06
3560	2025	10	1431	0	10	7.18	0.72
3561	2025	10	1432	0	10	15	1.5
3561	2025	10	1432	0	22	119.92	26.38
3562	2025	10	1433	0	4	48.5	1.94
3563	2025	10	1434	0	4	75.96	3.04
3563	2025	10	1434	0	10	25.71	2.58
3564	2025	10	1435	0	10	511	51.1
3565	2025	10	1436	0	10	1245	124.5
3566	2025	10	1437	0	4	169.75	6.79
3567	2025	10	1438	0	4	75.96	3.04
3567	2025	10	1438	0	10	25.71	2.58
3568	2025	10	1439	0	10	21	2.1
3568	2025	10	1439	0	22	197.04	43.35
3569	2025	10	1440	0	4	48.5	1.94
3570	2025	10	1441	0	4	89.24	3.57
3570	2025	10	1441	0	10	25.71	2.57
3571	2025	10	1442	0	22	98.52	21.67
3572	2025	10	1443	0	4	75.96	3.04
3572	2025	10	1443	0	10	25.71	2.58
3573	2025	10	1444	0	4	169.75	6.79
3574	2025	10	1445	0	22	1510.42	332.29
3575	2025	10	1446	0	22	1666.76	366.69
3576	2025	10	1447	0	22	13.09	2.88
3577	2025	10	1448	0	10	52.44	5.24
3577	2025	10	1448	0	22	1.6	0.35
3578	2025	10	1449	0	4	212.08	8.48
3578	2025	10	1449	0	10	419.42	41.94
3578	2025	10	1449	0	22	1.6	0.35
3579	2025	10	1450	0	4	38.73	1.55
3579	2025	10	1450	0	10	53.77	5.38
3579	2025	10	1450	0	22	1.6	0.35
3580	2025	10	1451	0	22	355.49	78.21
3582	2025	10	1452	0	4	392.75	15.71
3582	2025	10	1452	0	10	485.41	48.54
3582	2025	10	1452	0	22	1.6	0.35
3583	2025	10	1453	0	4	249.08	9.96
3583	2025	10	1453	0	10	13.04	1.3
3583	2025	10	1453	0	22	1.6	0.35
3584	2025	10	1454	0	10	144.39	14.44
3584	2025	10	1454	0	22	1.6	0.35
3585	2025	10	1455	0	4	375.85	15.03
3585	2025	10	1455	0	10	603.48	60.35
3585	2025	10	1455	0	22	1.6	0.35
3586	2025	10	1456	0	4	292.58	11.7
3586	2025	10	1456	0	10	554.52	55.45
3586	2025	10	1456	0	22	1.6	0.35
3587	2025	10	1457	0	4	545.31	21.81
3587	2025	10	1457	0	10	524.79	52.48
3587	2025	10	1457	0	22	1.6	0.35
3588	2025	10	1458	0	4	307.58	12.3
3588	2025	10	1458	0	10	503.36	50.34
3588	2025	10	1458	0	22	1.6	0.35
3589	2025	10	1459	0	4	119.41	4.78
3589	2025	10	1459	0	10	275.44	27.54
3589	2025	10	1459	0	22	23.15	5.09
3590	2025	10	1460	0	10	67.7	6.77
3591	2025	10	1461	0	10	112.93	11.29
3592	2025	10	1462	0	10	162.06	16.21
3593	2025	10	1463	0	10	176.19	17.62
3594	2025	10	1464	0	10	92.41	9.24
3595	2025	10	1465	0	10	241.84	24.18
3596	2025	10	1466	0	10	128.36	12.84
3597	2025	10	1467	0	10	138.63	13.86
3598	2025	10	1468	0	10	121.92	12.19
3599	2025	10	1469	0	10	138.19	13.82
3600	2025	10	1470	0	10	131.42	13.14
3601	2025	10	1471	0	10	72.62	7.26
3602	2025	10	1472	0	10	160.28	16.03
3603	2025	10	1473	0	22	244.6	53.81
3604	2025	10	1474	0	10	353.5	35.35
3605	2025	10	1475	0	4	1764.8	70.59
3606	2025	10	1476	0	22	76.8	16.9
3607	2025	10	1477	0	22	48.31	10.63
3608	2025	10	1478	0	10	276.5	27.65
3609	2025	10	1479	0	4	1273.6	50.94
3610	2025	10	1480	0	22	51.2	11.26
3611	2025	10	1481	0	10	175	17.5
3612	2025	10	1482	0	4	1217.8	48.71
3613	2025	10	1483	0	10	31	3.1
3614	2025	10	1484	0	10	15.5	1.55
3615	2025	10	1485	0	10	513.61	51.36
3616	2025	10	1486	0	4	4.04	0.16
3617	2025	10	1487	0	4	942.8	37.71
3618	2025	10	1488	0	10	77	7.7
3619	2025	10	1489	0	4	2061.9	82.48
0	2026	20	1	1	10	1150.727	115.0728
0	2026	20	1	1	0	554	0
0	2026	20	1	2	10	802.1818	80.2182
0	2026	20	2	1	10	2306.9	230.69
0	2026	20	2	1	0	810.36	0
0	2026	20	2	2	10	1108.082	110.8082
0	2026	20	3	1	10	1493.936	149.3937
0	2026	20	3	1	0	797.47	0
0	2026	20	3	2	10	1195.164	119.5164
0	2026	20	3	2	0	13.82	0
0	2025	20	303	1	10	1804.255	180.4255
0	2025	20	303	1	0	613.02	0
0	2025	20	303	2	10	679.7091	67.97092
0	2025	20	303	2	0	56.52	0
0	2025	20	304	1	10	1373.555	137.3555
0	2025	20	304	1	0	214.39	0
0	2025	20	304	2	10	880.0636	88.00639
0	2025	20	304	2	0	12.23	0
0	2025	20	305	1	10	881.9272	88.19275
0	2025	20	305	1	0	111.88	0
0	2025	20	305	2	10	434.4545	43.44547
0	2025	20	306	1	10	712.9272	71.29274
0	2025	20	306	1	0	312.33	0
0	2025	20	306	2	10	417.1818	41.71819
0	2025	20	306	2	0	17	0
0	2025	20	307	1	10	841.4545	84.14547
0	2025	20	307	1	0	156.4	0
0	2025	20	307	2	10	388.3455	38.83455
0	2025	20	307	2	0	26.82	0
0	2025	20	308	1	10	793.1727	79.31729
0	2025	20	308	1	0	223.91	0
0	2025	20	308	2	10	382.0909	38.2091
0	2025	20	309	1	10	757.2727	75.72729
0	2025	20	309	1	0	309.6	0
0	2025	20	309	2	10	420.3636	42.03637
0	2025	20	309	2	0	5.4	0
0	2025	20	310	1	10	1795.854	179.5855
0	2025	20	310	1	0	468.16	0
0	2025	20	310	2	10	658.7272	65.87274
0	2025	20	310	2	0	35.5	0
0	2025	20	311	1	10	1248.918	124.8918
0	2025	20	311	1	0	290.29	0
0	2025	20	311	2	10	759.8909	75.98911
0	2025	20	311	2	0	7.62	0
0	2025	20	312	1	10	736.3636	73.63638
0	2025	20	312	1	0	154.7	0
0	2025	20	312	2	10	442.3545	44.23547
0	2025	20	313	1	10	765.4545	76.54547
0	2025	20	313	1	0	254.5	0
0	2025	20	313	2	10	396.3636	39.63637
0	2025	20	313	2	0	9.14	0
0	2025	20	314	1	10	848.4545	84.84547
0	2025	20	314	1	0	205.7	0
0	2025	20	314	2	10	388.0818	38.80819
0	2025	20	315	1	10	667.5454	66.75456
0	2025	20	315	1	0	291.2	0
0	2025	20	315	2	10	353.7273	35.37273
0	2025	20	316	1	10	1085.582	108.5582
0	2025	20	316	1	0	291.86	0
0	2025	20	316	2	10	400.8909	40.0891
0	2025	20	317	1	10	1960.027	196.0028
0	2025	20	317	1	0	348.02	0
0	2025	20	317	2	10	906.5454	90.65456
0	2025	20	317	2	0	74.29	0
0	2025	20	318	1	10	1619.882	161.9882
0	2025	20	318	1	0	475.73	0
0	2025	20	318	2	10	853.9909	85.39911
0	2025	20	319	1	10	786.3546	78.63548
0	2025	20	319	1	0	271.81	0
0	2025	20	319	2	10	521.7091	52.17092
0	2025	20	319	2	0	6.3	0
0	2025	20	320	1	10	920.9	92.09002
0	2025	20	320	1	0	130.71	0
0	2025	20	320	2	10	454.5454	45.45456
0	2025	20	321	1	10	791.7272	79.17274
0	2025	20	321	1	0	388.8	0
0	2025	20	321	2	10	314	31.40001
0	2025	20	321	2	0	10.3	0
0	2025	20	322	1	10	894.7272	89.47275
0	2025	20	322	1	0	197.2	0
0	2025	20	322	2	10	526.0909	52.6091
0	2025	20	322	2	0	60.5	0
0	2025	20	323	1	10	938.5818	93.8582
0	2025	20	323	1	0	178.76	0
0	2025	20	323	2	10	596.6273	59.66274
0	2025	20	324	1	10	2089.191	208.9191
0	2025	20	324	1	0	266.19	0
0	2025	20	324	2	10	823.0818	82.3082
0	2025	20	325	1	10	1677.545	167.7546
0	2025	20	325	1	0	405.1	0
0	2025	20	325	2	10	1019.818	101.9818
0	2025	20	326	1	10	787.9272	78.79275
0	2025	20	326	1	0	148.28	0
0	2025	20	326	2	10	672.6364	67.26365
0	2025	20	327	1	10	943.4454	94.34457
0	2025	20	327	1	0	67.41	0
0	2025	20	327	2	10	557.9091	55.79092
0	2025	20	328	1	10	1195.245	119.5246
0	2025	20	328	1	0	201.23	0
0	2025	20	328	2	10	467.6364	46.76365
0	2025	20	328	2	0	19.55	0
0	2025	20	329	1	10	970.0727	97.00729
0	2025	20	329	1	0	187.42	0
0	2025	20	329	2	10	623.4545	62.34547
0	2025	20	329	2	0	11.9	0
0	2025	20	330	1	10	1206.909	120.6909
0	2025	20	330	1	0	231.9	0
0	2025	20	330	2	10	607.6273	60.76274
0	2025	20	331	1	10	2486.655	248.6655
0	2025	20	331	1	0	457.68	0
0	2025	20	331	2	10	980.6364	98.06366
0	2025	20	331	2	0	20.3	0
0	2025	20	332	1	10	1531.045	153.1046
0	2025	20	332	1	0	336.3	0
0	2025	20	332	2	10	1100.836	110.0837
0	2025	20	333	1	10	844.0545	84.40547
0	2025	20	333	1	0	206.14	0
0	2025	20	333	2	10	629.2727	62.92729
0	2025	20	333	2	0	55	0
0	2025	20	334	1	10	873.7272	87.37275
0	2025	20	334	1	0	242.7	0
0	2025	20	334	2	10	454.8182	45.48183
0	2025	20	335	1	10	1040.373	104.0373
0	2025	20	335	1	0	228.59	0
0	2025	20	335	2	10	528.7182	52.87183
0	2025	20	336	1	10	909.2727	90.92729
0	2025	20	336	1	0	434.9	0
0	2025	20	336	2	10	516.5455	51.65456
0	2025	20	337	1	10	1089.364	108.9364
0	2025	20	337	1	0	112.8	0
0	2025	20	337	2	10	449.1818	44.91819
0	2025	20	338	1	10	1624.027	162.4028
0	2025	20	338	1	0	731.17	0
0	2025	20	338	2	10	906.9091	90.69093
0	2025	20	339	1	10	1694.273	169.4273
0	2025	20	339	1	0	329.2	0
0	2025	20	339	2	10	1010.255	101.0255
0	2025	20	339	2	0	2.62	0
0	2025	20	340	1	10	1454.864	145.4864
0	2025	20	340	1	0	242.55	0
0	2025	20	340	2	10	686.5182	68.65183
0	2025	20	341	1	10	902.3546	90.23547
0	2025	20	341	1	0	320.71	0
0	2025	20	341	2	10	469.1818	46.91819
0	2025	20	341	2	0	5.42	0
0	2025	20	342	1	10	1015.818	101.5818
0	2025	20	342	1	0	243.25	0
0	2025	20	342	2	10	363.1727	36.31728
0	2025	20	343	1	10	1013.855	101.3855
0	2025	20	343	1	0	210.16	0
0	2025	20	343	2	10	517.7182	51.77183
0	2025	20	344	1	10	1286.509	128.6509
0	2025	20	344	1	0	186.34	0
0	2025	20	344	2	10	569.2727	56.92728
0	2025	20	345	1	10	1849.909	184.991
0	2025	20	345	1	0	969.7	0
0	2025	20	345	2	10	757.7181	75.77184
0	2025	20	346	1	10	1401.854	140.1855
0	2025	20	346	1	0	301.16	0
0	2025	20	346	2	10	945.4545	94.54548
0	2025	20	346	2	0	9.5	0
0	2025	20	347	1	10	1051.954	105.1955
0	2025	20	347	1	0	242.05	0
0	2025	20	347	2	10	491.5273	49.15274
0	2025	20	348	1	10	1017.818	101.7818
0	2025	20	348	1	0	442.5	0
0	2025	20	348	2	10	481.6364	48.16365
0	2025	20	348	2	0	12	0
0	2025	20	349	1	10	1253.773	125.3773
0	2025	20	349	1	0	398.65	0
0	2025	20	349	2	10	532	53.20001
0	2025	20	349	2	0	0.65	0
0	2025	20	350	1	10	1096.827	109.6828
0	2025	20	350	1	0	563.09	0
0	2025	20	350	2	10	550.6364	55.06365
0	2025	20	350	2	0	7.2	0
0	2025	20	351	1	10	1144.509	114.4509
0	2025	20	351	1	0	481.84	0
0	2025	20	351	2	10	728.8818	72.8882
0	2025	20	351	2	0	2.73	0
0	2025	20	352	1	10	2350.809	235.081
0	2025	20	352	1	0	602.11	0
0	2025	20	352	2	10	947.0818	94.7082
0	2025	20	352	2	0	46.06	0
0	2025	20	353	1	10	1721.636	172.1637
0	2025	20	353	1	0	897.9	0
0	2025	20	353	2	10	1171.773	117.1773
0	2025	20	354	1	10	1356.854	135.6855
0	2025	20	354	1	0	656.86	0
0	2025	20	354	2	10	766.9909	76.6991
0	2025	20	355	1	10	1696.127	169.6128
0	2025	20	355	1	0	830.51	0
0	2025	20	355	2	10	1008.909	100.8909
0	2025	20	356	1	10	1479.727	147.9728
0	2025	20	356	1	0	655.9	0
0	2025	20	356	2	10	885.1818	88.5182
0	2025	20	357	1	10	2245.764	224.5764
0	2025	20	357	1	0	1082.86	0
0	2025	20	357	2	10	1139.818	113.9818
0	2025	20	357	2	0	29.8	0
0	2025	20	358	1	10	1763.709	176.3709
0	2025	20	358	1	0	1077.72	0
0	2025	20	358	2	10	1134.782	113.4782
0	2025	20	358	2	0	49.54	0
0	2025	20	359	1	10	1210.218	121.0218
0	2025	20	359	1	0	790.76	0
0	2025	20	359	2	10	662	66.20001
0	2025	20	360	1	10	1398.454	139.8455
0	2025	20	360	1	0	580	0
0	2025	20	360	2	10	759.6364	75.96365
0	2025	20	361	1	10	1429.545	142.9546
0	2025	20	361	1	0	452.1	0
0	2025	20	361	2	10	704.2545	70.42547
3683	2025	10	1491	0	4	169.75	6.79
3684	2025	10	1492	0	4	136.27	5.45
3684	2025	10	1492	0	10	25.71	2.57
3685	2025	10	1493	0	4	44.62	1.78
3685	2025	10	1493	0	10	25.71	2.57
3686	2025	10	1494	0	4	97	3.88
3687	2025	10	1495	0	4	151.32	6.05
3688	2025	10	1496	0	4	75.96	3.04
3688	2025	10	1496	0	10	25.71	2.58
3689	2025	10	1497	0	4	103.13	4.13
3689	2025	10	1497	0	10	21.5	2.15
3690	2025	10	1498	0	4	100.88	4.04
3691	2025	10	1499	0	4	80.69	3.23
3691	2025	10	1499	0	10	25.71	2.58
3692	2025	10	1500	0	4	151.32	6.05
3693	2025	10	1501	0	4	103.13	4.13
3693	2025	10	1501	0	10	25.71	2.57
3694	2025	10	1502	0	4	93.12	3.72
3694	2025	10	1502	0	10	771.39	77.14
3694	2025	10	1502	0	22	1.6	0.35
3695	2026	10	1	0	10	520	52
3696	2025	10	1503	0	4	19.95	0.8
3696	2025	10	1503	0	10	44.85	4.49
3697	2025	10	1504	0	10	13.78	1.38
3698	2025	10	1505	0	4	24.75	0.99
3698	2025	10	1505	0	10	14.99	1.5
3698	2025	10	1505	0	22	83.7	18.41
3699	2025	10	1506	0	10	85.78	8.58
3700	2025	10	1507	0	4	49.5	1.98
3700	2025	10	1507	0	10	89.76	8.98
3700	2025	10	1507	0	22	13.52	2.97
3701	2025	10	1508	0	4	56.88	2.28
3702	2025	10	1509	0	4	49.5	1.98
3702	2025	10	1509	0	10	106.85	10.69
3702	2025	10	1509	0	22	4.95	1.09
0	2026	20	4	1	10	1101.182	110.1182
0	2026	20	4	1	0	746.5	0
0	2026	20	4	2	10	875.2545	87.52547
0	2026	20	5	1	10	655.4	65.54002
0	2026	20	5	1	0	538.96	0
0	2026	20	5	2	10	840.7636	84.07639
0	2026	20	5	2	0	5.23	0
0	2026	20	6	1	10	667.6454	66.76456
0	2026	20	6	1	0	577.59	0
0	2026	20	6	2	10	427.2727	42.72728
0	2026	20	6	2	0	5.68	0
0	2026	20	7	1	10	651.4545	65.14547
0	2026	20	7	1	0	492.9	0
0	2026	20	7	2	10	493.4545	49.34547
0	2026	20	7	2	0	5.8	0
0	2026	20	8	1	10	710.1545	71.01547
0	2026	20	8	1	0	448.03	0
0	2026	20	8	2	10	411.8182	41.18183
0	2026	20	9	1	10	1540.245	154.0246
0	2026	20	9	1	0	790.33	0
0	2026	20	9	2	10	752.2727	75.22729
0	2026	20	9	2	0	8.25	0
0	2026	20	10	1	10	1043.273	104.3273
0	2026	20	10	1	0	579.9	0
0	2026	20	10	2	10	865.4454	86.54456
0	2026	20	10	2	0	13.21	0
0	2026	20	11	1	10	604.0273	60.40274
0	2026	20	11	1	0	382.87	0
0	2026	20	11	2	10	457.3636	45.73637
0	2026	20	11	2	0	6.5	0
0	2026	20	12	1	10	632.8182	63.28183
0	2026	20	12	1	0	448.8	0
0	2026	20	12	2	10	598.4454	59.84456
0	2026	20	12	2	0	43.95	0
0	2026	20	13	1	10	905	90.50002
0	2026	20	13	1	0	197.9	0
0	2026	20	13	2	10	506.9091	50.69092
0	2026	20	13	2	0	1.88	0
0	2026	20	14	1	10	910.5454	91.05457
0	2026	20	14	1	0	147.8	0
0	2026	20	14	2	10	460.4545	46.04546
0	2026	20	15	1	10	822.7272	82.27274
0	2026	20	15	1	0	362.4	0
0	2026	20	15	2	10	518.6364	51.86365
0	2026	20	15	2	0	8.24	0
0	2026	20	16	1	10	1459.255	145.9255
0	2026	20	16	1	0	768.62	0
0	2026	20	16	2	10	818.0909	81.8091
0	2026	20	17	1	10	1167.555	116.7555
0	2026	20	17	1	0	415.59	0
0	2026	20	17	2	10	854.7181	85.47184
0	2026	20	17	2	0	6.66	0
0	2026	20	18	1	10	610.9091	61.09092
0	2026	20	18	1	0	128.4	0
0	2026	20	18	2	10	411.8091	41.18092
0	2026	20	18	2	0	6.71	0
0	2026	20	19	1	10	827.8182	82.78184
0	2026	20	19	1	0	201.1	0
0	2026	20	19	2	10	474.3636	47.43637
0	2026	20	19	2	0	9.55	0
0	2026	20	20	1	10	646.8091	64.68092
0	2026	20	20	1	0	344.11	0
0	2026	20	20	2	10	571.4545	57.14547
0	2026	20	21	1	10	960.7272	96.07275
0	2026	20	21	1	0	119.4	0
0	2026	20	21	2	10	484.9	48.49001
0	2026	20	22	1	10	888.2727	88.82729
0	2026	20	22	1	0	251.1	0
0	2026	20	22	2	10	489.0909	48.9091
0	2026	20	22	2	0	6	0
0	2026	20	23	1	10	1755.027	175.5028
0	2026	20	23	1	0	265.57	0
0	2026	20	23	2	10	764.6364	76.46365
0	2026	20	23	2	0	0.39	0
0	2026	20	24	1	10	1104.218	110.4218
0	2026	20	24	1	0	429.26	0
0	2026	20	24	2	10	938.8909	93.88911
0	2026	20	24	2	0	6.4	0
0	2026	20	25	1	10	520.2727	52.02728
0	2026	20	25	1	0	332	0
0	2026	20	25	2	10	485.5454	48.55456
0	2026	20	25	2	0	16.25	0
0	2026	20	26	1	10	617.0909	61.7091
0	2026	20	26	1	0	161.3	0
0	2026	20	26	2	10	456	45.60001
0	2026	20	26	2	0	4.99	0
0	2026	20	27	1	10	635.4909	63.5491
0	2026	20	27	1	0	85.68	0
0	2026	20	27	2	10	310.5273	31.05273
0	2026	20	28	1	10	593.1818	59.3182
0	2026	20	28	1	0	223.4	0
0	2026	20	28	2	10	498.2727	49.82728
0	2026	20	28	2	0	3.15	0
0	2026	20	29	1	10	730.1909	73.0191
0	2026	20	29	1	0	313.49	0
0	2026	20	29	2	10	448.0909	44.8091
0	2026	20	30	1	10	1362.2	136.22
0	2026	20	30	1	0	770.88	0
0	2026	20	30	2	10	701.5	70.15002
0	2026	20	30	2	0	11.34	0
3730	2024	10	6	0	22	5637.6	1240.27
3733	2024	10	82	0	4	414.5	16.58
3731	2024	10	1525	0	22	66	14.52
3740	2024	10	5	0	10	305.4	30.54
3735	2024	10	1472	0	4	104.76	4.19
3741	2025	10	1490	0	10	206.5	20.65
3732	2024	10	1468	0	22	225.82	49.68
3736	2024	10	1462	0	4	104.76	4.19
3738	2024	10	1454	0	4	104.76	4.19
